months_as_customer,age,policy_deductable,umbrella_limit,insured_sex,insured_education_level,insured_occupation,incident_type,collision_type,incident_severity,authorities_contacted,incident_hour_of_the_day,number_of_vehicles_involved,property_damage,bodily_injuries,witnesses,police_report_available,total_claim_amount,fraud_reported
11,39,2000,0,MALE,PhD,other-service,Single Vehicle Collision,Front Collision,Total Loss,Ambulance,22,1,YES,0,1,NO,65790,N
303,50,2000,5000000,MALE,Masters,sales,Multi-vehicle Collision,Side Collision,Major Damage,Fire,1,4,YES,1,2,NO,72840,N
289,43,1000,0,FEMALE,Associate,sales,Multi-vehicle Collision,Side Collision,Minor Damage,Fire,19,3,YES,1,3,?,68580,N
299,42,2000,0,FEMALE,Associate,craft-repair,Single Vehicle Collision,Rear Collision,Minor Damage,Other,13,1,YES,1,3,NO,70400,N
53,36,2000,0,MALE,Associate,handlers-cleaners,Multi-vehicle Collision,Side Collision,Major Damage,Fire,17,3,?,2,0,YES,51100,N
446,57,2000,0,MALE,College,adm-clerical,Multi-vehicle Collision,Front Collision,Total Loss,Police,10,3,NO,0,0,NO,62800,N
298,46,1000,6000000,MALE,JD,prof-specialty,Single Vehicle Collision,Side Collision,Minor Damage,Police,18,1,NO,2,3,YES,33550,N
141,30,1000,0,FEMALE,High School,craft-repair,Single Vehicle Collision,Front Collision,Total Loss,Fire,13,1,NO,1,0,YES,61740,N
407,55,1000,5000000,FEMALE,PhD,tech-support,Multi-vehicle Collision,Side Collision,Total Loss,Police,0,3,?,2,3,YES,68160,N
193,40,500,0,FEMALE,PhD,handlers-cleaners,Single Vehicle Collision,Side Collision,Minor Damage,Fire,6,1,NO,0,0,YES,63900,N
182,40,1000,0,MALE,PhD,other-service,Single Vehicle Collision,Front Collision,Total Loss,Other,13,1,YES,0,2,?,71100,N
254,41,500,5000000,FEMALE,PhD,handlers-cleaners,Single Vehicle Collision,Front Collision,Minor Damage,Police,8,1,YES,2,2,NO,63470,N
312,47,1000,0,FEMALE,MD,exec-managerial,Multi-vehicle Collision,Side Collision,Total Loss,Fire,17,3,NO,2,3,NO,56320,N
446,61,1000,0,FEMALE,High School,adm-clerical,Single Vehicle Collision,Rear Collision,Minor Damage,Other,3,1,YES,2,0,YES,70500,N
192,35,1000,0,FEMALE,Masters,exec-managerial,Single Vehicle Collision,Rear Collision,Total Loss,Other,19,1,NO,0,0,?,76600,N
10,26,2000,0,MALE,MD,sales,Multi-vehicle Collision,Front Collision,Major Damage,Ambulance,3,3,?,0,3,?,31350,Y
125,35,500,7000000,MALE,JD,tech-support,Single Vehicle Collision,Front Collision,Total Loss,Fire,17,1,YES,2,3,NO,88660,Y
178,39,500,0,FEMALE,JD,exec-managerial,Multi-vehicle Collision,Front Collision,Minor Damage,Police,3,3,NO,2,0,?,64680,N
256,43,500,0,FEMALE,MD,prof-specialty,Single Vehicle Collision,Rear Collision,Total Loss,Fire,11,1,NO,0,0,?,63250,N
473,58,2000,0,FEMALE,MD,transport-moving,Multi-vehicle Collision,Side Collision,Major Damage,Other,12,4,YES,0,0,NO,63120,Y
218,41,500,0,MALE,JD,prof-specialty,Multi-vehicle Collision,Side Collision,Total Loss,Police,14,3,NO,2,0,NO,84590,N
96,26,2000,0,FEMALE,Associate,prof-specialty,Single Vehicle Collision,Front Collision,Total Loss,Ambulance,9,1,YES,2,3,NO,78320,N
148,36,1000,5000000,FEMALE,MD,adm-clerical,Single Vehicle Collision,Side Collision,Total Loss,Police,0,1,NO,2,0,NO,61050,N
410,54,2000,0,MALE,MD,protective-serv,Single Vehicle Collision,Side Collision,Minor Damage,Ambulance,0,1,YES,0,2,NO,59520,N
210,37,500,0,FEMALE,MD,tech-support,Single Vehicle Collision,Front Collision,Total Loss,Ambulance,8,1,?,1,3,YES,63300,N
276,47,1000,0,MALE,PhD,craft-repair,Multi-vehicle Collision,Rear Collision,Minor Damage,Police,23,3,YES,0,0,?,65780,N
286,41,1000,6000000,FEMALE,High School,sales,Multi-vehicle Collision,Front Collision,Major Damage,Ambulance,16,3,?,1,3,YES,54450,N
3,29,500,5000000,FEMALE,JD,priv-house-serv,Parked Car,?,Trivial Damage,Police,3,1,?,2,1,?,5000,Y
147,31,500,6000000,FEMALE,PhD,prof-specialty,Single Vehicle Collision,Front Collision,Major Damage,Other,4,1,?,0,0,?,68240,Y
46,41,2000,0,FEMALE,MD,priv-house-serv,Multi-vehicle Collision,Rear Collision,Total Loss,Ambulance,23,3,NO,1,3,?,78600,Y
435,58,2000,0,MALE,JD,sales,Multi-vehicle Collision,Rear Collision,Total Loss,Other,19,3,?,1,1,YES,41490,N
169,37,1000,0,MALE,JD,armed-forces,Multi-vehicle Collision,Side Collision,Total Loss,Police,4,3,?,2,1,YES,57900,N
132,32,2000,0,MALE,PhD,other-service,Vehicle Theft,?,Minor Damage,Police,21,1,YES,1,1,YES,5600,N
439,56,500,0,MALE,High School,armed-forces,Single Vehicle Collision,Rear Collision,Minor Damage,Ambulance,9,1,NO,2,0,?,50000,N
298,47,2000,0,FEMALE,PhD,machine-op-inspct,Single Vehicle Collision,Front Collision,Major Damage,Fire,1,1,?,0,0,?,70590,Y
79,25,500,0,FEMALE,Associate,priv-house-serv,Single Vehicle Collision,Front Collision,Total Loss,Fire,0,1,NO,2,1,?,67800,N
255,46,500,0,FEMALE,JD,prof-specialty,Multi-vehicle Collision,Front Collision,Minor Damage,Fire,2,3,NO,1,0,NO,57860,N
285,44,2000,0,MALE,MD,priv-house-serv,Vehicle Theft,?,Minor Damage,Police,3,1,YES,1,0,?,5500,N
270,45,500,0,FEMALE,PhD,priv-house-serv,Multi-vehicle Collision,Side Collision,Total Loss,Other,23,3,?,0,0,YES,54340,N
87,27,500,0,FEMALE,Masters,transport-moving,Single Vehicle Collision,Side Collision,Minor Damage,Police,2,1,?,2,1,YES,34650,N
478,64,500,0,FEMALE,Associate,adm-clerical,Multi-vehicle Collision,Side Collision,Minor Damage,Fire,17,3,NO,1,1,NO,33930,N
222,41,2000,0,FEMALE,MD,armed-forces,Single Vehicle Collision,Front Collision,Total Loss,Other,7,1,NO,0,2,NO,61290,Y
204,40,500,0,FEMALE,JD,sales,Multi-vehicle Collision,Side Collision,Minor Damage,Other,10,3,YES,1,2,YES,41700,N
196,41,2000,0,MALE,JD,protective-serv,Multi-vehicle Collision,Rear Collision,Minor Damage,Ambulance,0,3,NO,1,0,NO,47800,N
419,53,2000,6000000,MALE,College,transport-moving,Multi-vehicle Collision,Side Collision,Minor Damage,Police,17,4,?,0,0,YES,62280,N
106,30,500,0,FEMALE,PhD,transport-moving,Single Vehicle Collision,Rear Collision,Total Loss,Other,23,1,NO,2,2,NO,51120,N
463,57,500,0,MALE,Masters,priv-house-serv,Single Vehicle Collision,Front Collision,Minor Damage,Police,14,1,NO,2,0,YES,59400,N
369,55,2000,0,MALE,College,handlers-cleaners,Multi-vehicle Collision,Rear Collision,Minor Damage,Police,6,3,?,2,0,YES,85300,N
89,32,1000,0,FEMALE,High School,craft-repair,Single Vehicle Collision,Front Collision,Total Loss,Other,11,1,?,2,3,YES,84590,N
179,32,1000,6000000,FEMALE,Associate,protective-serv,Single Vehicle Collision,Rear Collision,Major Damage,Police,4,1,YES,1,2,NO,54200,Y
35,29,2000,0,FEMALE,JD,handlers-cleaners,Multi-vehicle Collision,Rear Collision,Minor Damage,Fire,22,3,NO,0,0,?,78300,N
157,31,500,7000000,MALE,High School,farming-fishing,Multi-vehicle Collision,Rear Collision,Major Damage,Other,2,4,NO,2,2,NO,47700,Y
343,52,1000,0,FEMALE,Associate,prof-specialty,Single Vehicle Collision,Front Collision,Major Damage,Other,2,1,?,0,2,NO,47630,Y
137,31,2000,0,MALE,High School,exec-managerial,Multi-vehicle Collision,Side Collision,Minor Damage,Ambulance,6,3,NO,1,2,NO,50800,N
204,40,1000,7000000,MALE,High School,protective-serv,Single Vehicle Collision,Front Collision,Minor Damage,Police,6,1,?,1,0,?,53400,N
111,29,500,2000000,FEMALE,PhD,farming-fishing,Single Vehicle Collision,Side Collision,Major Damage,Fire,1,1,?,1,1,YES,52800,Y
87,31,1000,0,FEMALE,Masters,sales,Multi-vehicle Collision,Rear Collision,Major Damage,Fire,16,3,NO,0,3,YES,60940,Y
65,30,500,4000000,FEMALE,College,transport-moving,Multi-vehicle Collision,Side Collision,Total Loss,Fire,6,3,?,2,3,NO,79800,N
64,28,1000,0,MALE,JD,handlers-cleaners,Multi-vehicle Collision,Side Collision,Minor Damage,Fire,9,3,NO,2,1,NO,60000,N
119,28,2000,0,MALE,High School,machine-op-inspct,Single Vehicle Collision,Rear Collision,Total Loss,Ambulance,1,1,?,0,1,YES,53600,Y
81,28,1000,6000000,FEMALE,Masters,sales,Multi-vehicle Collision,Front Collision,Major Damage,Fire,0,3,?,1,2,?,44730,Y
43,43,500,0,FEMALE,Associate,armed-forces,Single Vehicle Collision,Rear Collision,Major Damage,Ambulance,16,1,?,2,1,?,79970,Y
65,26,500,3000000,FEMALE,High School,craft-repair,Single Vehicle Collision,Rear Collision,Minor Damage,Fire,0,1,NO,1,3,?,52200,N
62,28,1000,0,FEMALE,Masters,protective-serv,Single Vehicle Collision,Rear Collision,Total Loss,Police,3,1,?,1,1,YES,60200,Y
12,24,1000,0,FEMALE,PhD,tech-support,Multi-vehicle Collision,Rear Collision,Minor Damage,Police,13,3,NO,2,1,?,53370,N
140,36,2000,0,FEMALE,JD,transport-moving,Multi-vehicle Collision,Front Collision,Major Damage,Fire,2,4,YES,0,2,YES,72800,N
101,33,1000,7000000,FEMALE,Masters,other-service,Multi-vehicle Collision,Rear Collision,Minor Damage,Ambulance,20,3,NO,1,3,?,54240,Y
389,53,2000,0,MALE,Masters,armed-forces,Vehicle Theft,?,Minor Damage,Police,6,1,NO,1,2,NO,6300,Y
177,33,1000,0,MALE,College,adm-clerical,Single Vehicle Collision,Side Collision,Major Damage,Ambulance,22,1,?,1,3,?,82800,Y
69,24,500,0,FEMALE,High School,armed-forces,Multi-vehicle Collision,Rear Collision,Minor Damage,Police,23,3,?,0,0,NO,63300,N
265,41,2000,6000000,FEMALE,Associate,craft-repair,Multi-vehicle Collision,Side Collision,Total Loss,Police,18,3,?,1,3,?,44200,N
372,50,2000,0,FEMALE,MD,tech-support,Multi-vehicle Collision,Side Collision,Major Damage,Police,18,3,NO,2,2,YES,51800,N
192,40,1000,0,FEMALE,Associate,sales,Multi-vehicle Collision,Side Collision,Minor Damage,Ambulance,18,3,YES,1,0,YES,42930,N
107,26,2000,0,MALE,MD,sales,Multi-vehicle Collision,Rear Collision,Total Loss,Fire,2,3,NO,2,3,NO,78650,Y
186,38,2000,0,FEMALE,JD,protective-serv,Multi-vehicle Collision,Rear Collision,Minor Damage,Ambulance,1,3,NO,2,3,?,73800,N
350,54,500,0,MALE,College,other-service,Multi-vehicle Collision,Side Collision,Total Loss,Police,15,3,NO,0,0,?,93480,N
204,38,2000,0,FEMALE,MD,tech-support,Single Vehicle Collision,Side Collision,Total Loss,Ambulance,5,1,NO,0,1,?,90530,N
191,38,2000,0,FEMALE,Masters,craft-repair,Multi-vehicle Collision,Side Collision,Major Damage,Ambulance,19,3,NO,2,0,NO,56320,N
271,42,500,0,FEMALE,Associate,prof-specialty,Multi-vehicle Collision,Side Collision,Major Damage,Other,12,2,?,2,3,?,68310,Y
142,33,2000,5000000,FEMALE,JD,exec-managerial,Single Vehicle Collision,Side Collision,Total Loss,Other,11,1,YES,1,3,?,81360,Y
256,42,1000,0,FEMALE,MD,transport-moving,Single Vehicle Collision,Rear Collision,Minor Damage,Police,14,1,NO,2,1,?,75500,N
138,30,500,4000000,FEMALE,PhD,other-service,Single Vehicle Collision,Front Collision,Major Damage,Other,0,1,?,2,2,NO,83160,N
43,38,1000,0,MALE,PhD,handlers-cleaners,Multi-vehicle Collision,Front Collision,Total Loss,Other,1,3,YES,2,2,?,61650,N
108,31,2000,0,MALE,Masters,protective-serv,Single Vehicle Collision,Rear Collision,Total Loss,Fire,14,1,NO,0,2,NO,57330,N
66,26,1000,0,MALE,College,armed-forces,Single Vehicle Collision,Rear Collision,Major Damage,Police,8,1,?,2,2,YES,57860,Y
26,39,1000,0,MALE,Masters,tech-support,Single Vehicle Collision,Side Collision,Major Damage,Police,0,1,NO,0,2,?,49800,N
163,37,1000,4000000,FEMALE,High School,craft-repair,Vehicle Theft,?,Minor Damage,Police,7,1,?,2,1,YES,3900,Y
209,39,500,0,MALE,PhD,transport-moving,Single Vehicle Collision,Side Collision,Minor Damage,Fire,22,1,?,1,1,NO,37800,N
269,44,2000,0,MALE,JD,priv-house-serv,Single Vehicle Collision,Front Collision,Minor Damage,Other,14,1,YES,0,2,?,56400,N
244,40,2000,7000000,MALE,Masters,armed-forces,Multi-vehicle Collision,Side Collision,Minor Damage,Police,5,3,?,1,1,?,61490,N
230,44,2000,0,FEMALE,College,prof-specialty,Single Vehicle Collision,Front Collision,Total Loss,Fire,19,1,NO,0,2,YES,74140,N
228,39,500,0,FEMALE,JD,sales,Single Vehicle Collision,Side Collision,Minor Damage,Other,10,1,YES,1,0,YES,59490,N
107,26,500,0,FEMALE,JD,armed-forces,Multi-vehicle Collision,Rear Collision,Minor Damage,Ambulance,14,3,?,1,0,NO,59700,N
20,21,1000,0,FEMALE,Masters,priv-house-serv,Single Vehicle Collision,Rear Collision,Minor Damage,Fire,14,1,NO,0,0,?,62900,N
94,30,2000,0,FEMALE,High School,armed-forces,Single Vehicle Collision,Rear Collision,Major Damage,Fire,19,1,?,1,3,YES,64100,N
235,39,2000,4000000,MALE,JD,craft-repair,Single Vehicle Collision,Side Collision,Major Damage,Other,10,1,?,0,3,?,60320,Y
194,41,500,0,MALE,JD,transport-moving,Multi-vehicle Collision,Rear Collision,Minor Damage,Police,17,3,?,0,2,?,95900,N
3,38,1000,0,FEMALE,Masters,craft-repair,Single Vehicle Collision,Front Collision,Minor Damage,Fire,20,1,YES,0,1,?,87200,N
143,30,500,5000000,FEMALE,High School,exec-managerial,Single Vehicle Collision,Rear Collision,Minor Damage,Fire,16,1,NO,2,0,YES,54300,N
140,30,500,0,FEMALE,College,adm-clerical,Multi-vehicle Collision,Side Collision,Minor Damage,Other,4,4,?,0,0,?,60170,N
4,29,500,5000000,MALE,High School,tech-support,Vehicle Theft,?,Trivial Damage,Police,4,1,NO,0,2,?,4200,N
241,38,2000,0,FEMALE,Associate,tech-support,Multi-vehicle Collision,Side Collision,Major Damage,Fire,23,3,?,0,3,YES,77880,N
269,41,500,0,FEMALE,College,protective-serv,Single Vehicle Collision,Rear Collision,Minor Damage,Police,23,1,YES,0,0,?,79300,N
297,48,1000,0,MALE,Masters,protective-serv,Multi-vehicle Collision,Front Collision,Major Damage,Other,18,3,?,0,2,?,54960,Y
128,32,2000,0,FEMALE,College,sales,Single Vehicle Collision,Rear Collision,Total Loss,Fire,0,1,?,1,0,NO,59800,Y
77,27,2000,0,FEMALE,High School,adm-clerical,Multi-vehicle Collision,Front Collision,Minor Damage,Ambulance,1,3,YES,0,0,?,67200,N
428,53,1000,0,FEMALE,High School,tech-support,Parked Car,?,Trivial Damage,Police,9,1,YES,2,2,NO,6930,N
224,40,2000,0,FEMALE,JD,sales,Single Vehicle Collision,Side Collision,Minor Damage,Other,21,1,NO,1,0,YES,69840,N
270,45,1000,0,FEMALE,College,handlers-cleaners,Multi-vehicle Collision,Front Collision,Minor Damage,Fire,18,3,NO,1,1,YES,89400,N
78,31,1000,0,FEMALE,Masters,armed-forces,Multi-vehicle Collision,Side Collision,Minor Damage,Other,1,3,?,2,1,?,52290,N
222,39,500,0,MALE,High School,transport-moving,Multi-vehicle Collision,Rear Collision,Major Damage,Other,9,3,YES,2,1,?,55000,Y
162,35,2000,0,FEMALE,Masters,handlers-cleaners,Single Vehicle Collision,Side Collision,Major Damage,Police,14,1,YES,0,3,YES,54340,N
234,44,500,0,MALE,Associate,other-service,Single Vehicle Collision,Side Collision,Major Damage,Ambulance,3,1,NO,1,0,NO,70200,Y
10,19,1000,0,FEMALE,JD,craft-repair,Single Vehicle Collision,Side Collision,Minor Damage,Police,5,1,?,0,2,?,48950,Y
467,58,2000,0,MALE,Masters,transport-moving,Single Vehicle Collision,Front Collision,Total Loss,Fire,2,1,YES,2,3,NO,55700,N
112,27,500,0,FEMALE,Masters,tech-support,Multi-vehicle Collision,Front Collision,Major Damage,Ambulance,21,3,?,0,1,?,51000,N
266,46,2000,0,MALE,Associate,handlers-cleaners,Single Vehicle Collision,Front Collision,Minor Damage,Fire,18,1,NO,1,3,YES,83490,N
269,44,500,4000000,FEMALE,JD,other-service,Multi-vehicle Collision,Rear Collision,Total Loss,Ambulance,15,3,?,0,1,?,98670,Y
479,60,1000,0,FEMALE,MD,exec-managerial,Multi-vehicle Collision,Rear Collision,Total Loss,Other,9,2,?,0,3,?,53900,N
176,39,500,4000000,MALE,College,armed-forces,Multi-vehicle Collision,Side Collision,Minor Damage,Fire,14,3,NO,2,1,NO,44280,N
292,44,500,0,MALE,PhD,priv-house-serv,Single Vehicle Collision,Side Collision,Total Loss,Other,12,1,NO,1,0,YES,61700,N
208,41,1000,0,FEMALE,College,tech-support,Single Vehicle Collision,Rear Collision,Major Damage,Ambulance,18,1,NO,2,2,?,69300,N
80,27,1000,0,FEMALE,College,tech-support,Single Vehicle Collision,Side Collision,Major Damage,Police,13,1,YES,1,0,YES,52800,N
233,37,2000,0,FEMALE,High School,sales,Single Vehicle Collision,Front Collision,Total Loss,Fire,17,1,YES,0,2,YES,80520,N
355,47,2000,4000000,MALE,College,other-service,Multi-vehicle Collision,Front Collision,Major Damage,Fire,19,3,NO,2,1,NO,62800,Y
195,37,1000,8000000,MALE,MD,tech-support,Single Vehicle Collision,Side Collision,Major Damage,Ambulance,12,1,NO,0,2,NO,44200,Y
290,42,500,0,MALE,Masters,machine-op-inspct,Single Vehicle Collision,Rear Collision,Minor Damage,Ambulance,10,1,NO,0,1,NO,48000,N
215,37,500,0,FEMALE,College,transport-moving,Multi-vehicle Collision,Rear Collision,Minor Damage,Fire,7,3,NO,2,0,YES,57120,N
285,44,1000,0,MALE,High School,handlers-cleaners,Multi-vehicle Collision,Side Collision,Total Loss,Fire,17,2,YES,2,3,NO,55680,N
78,31,1000,4000000,MALE,PhD,protective-serv,Single Vehicle Collision,Front Collision,Major Damage,Other,21,1,NO,1,0,NO,55660,Y
231,37,500,0,FEMALE,High School,sales,Single Vehicle Collision,Rear Collision,Major Damage,Fire,14,1,YES,2,0,?,71190,Y
96,29,1000,5000000,MALE,College,prof-specialty,Multi-vehicle Collision,Rear Collision,Major Damage,Ambulance,15,3,YES,2,3,YES,55400,Y
277,46,2000,0,FEMALE,Associate,adm-clerical,Vehicle Theft,?,Minor Damage,Police,4,1,?,2,3,NO,3870,N
120,35,1000,0,FEMALE,High School,transport-moving,Multi-vehicle Collision,Front Collision,Total Loss,Ambulance,22,3,NO,2,0,NO,51210,N
229,37,2000,0,FEMALE,MD,craft-repair,Multi-vehicle Collision,Side Collision,Major Damage,Other,14,3,YES,1,1,YES,68760,N
250,43,1000,0,FEMALE,JD,tech-support,Single Vehicle Collision,Side Collision,Minor Damage,Other,22,1,YES,1,3,NO,64900,N
283,41,500,0,FEMALE,Associate,sales,Multi-vehicle Collision,Side Collision,Major Damage,Other,13,3,NO,0,2,?,42700,Y
155,34,500,0,MALE,Masters,protective-serv,Single Vehicle Collision,Front Collision,Minor Damage,Ambulance,1,1,NO,1,1,YES,77040,N
238,39,2000,0,FEMALE,JD,protective-serv,Vehicle Theft,?,Minor Damage,Police,9,1,YES,1,3,YES,5500,N
211,37,2000,4000000,FEMALE,PhD,armed-forces,Multi-vehicle Collision,Front Collision,Total Loss,Police,22,3,YES,1,0,?,53460,N
360,51,1000,0,MALE,PhD,armed-forces,Multi-vehicle Collision,Side Collision,Total Loss,Ambulance,15,3,NO,2,0,YES,90480,N
298,49,500,0,MALE,MD,machine-op-inspct,Multi-vehicle Collision,Side Collision,Major Damage,Other,16,3,NO,0,2,NO,69480,N
255,44,2000,6000000,FEMALE,PhD,priv-house-serv,Parked Car,?,Trivial Damage,Police,7,1,?,2,2,NO,6400,Y
169,34,500,0,FEMALE,JD,sales,Single Vehicle Collision,Rear Collision,Minor Damage,Fire,0,1,?,0,0,YES,38700,N
210,38,500,0,MALE,JD,tech-support,Vehicle Theft,?,Minor Damage,Police,6,1,?,1,2,NO,8640,N
163,38,2000,0,FEMALE,PhD,other-service,Single Vehicle Collision,Side Collision,Minor Damage,Ambulance,13,1,YES,2,3,?,79500,N
215,42,500,0,MALE,JD,transport-moving,Multi-vehicle Collision,Front Collision,Major Damage,Fire,20,3,YES,2,2,YES,68520,Y
290,45,500,0,FEMALE,JD,sales,Multi-vehicle Collision,Side Collision,Total Loss,Police,23,3,YES,2,2,NO,64800,Y
97,27,500,0,FEMALE,High School,tech-support,Multi-vehicle Collision,Side Collision,Total Loss,Other,22,3,YES,2,1,YES,75690,N
84,30,2000,0,FEMALE,MD,protective-serv,Single Vehicle Collision,Side Collision,Minor Damage,Police,9,1,NO,1,0,YES,57640,N
325,47,1000,0,FEMALE,Associate,protective-serv,Single Vehicle Collision,Side Collision,Major Damage,Fire,11,1,YES,0,3,NO,72930,Y
33,33,1000,6000000,FEMALE,Associate,handlers-cleaners,Single Vehicle Collision,Rear Collision,Major Damage,Police,16,1,?,2,1,?,81400,N
464,61,1000,0,FEMALE,Associate,prof-specialty,Multi-vehicle Collision,Rear Collision,Major Damage,Police,6,3,?,0,2,YES,79800,Y
193,40,500,0,FEMALE,College,handlers-cleaners,Multi-vehicle Collision,Side Collision,Total Loss,Ambulance,23,3,?,2,1,YES,64260,N
201,40,2000,0,FEMALE,PhD,transport-moving,Vehicle Theft,?,Minor Damage,Police,14,1,YES,0,0,YES,6820,N
264,44,500,6000000,MALE,College,exec-managerial,Multi-vehicle Collision,Rear Collision,Major Damage,Fire,20,3,NO,0,2,NO,69850,N
274,46,1000,0,MALE,High School,exec-managerial,Multi-vehicle Collision,Side Collision,Total Loss,Other,22,3,NO,1,3,?,90600,N
140,32,1000,5000000,FEMALE,College,protective-serv,Single Vehicle Collision,Side Collision,Major Damage,Fire,13,1,?,2,3,?,82170,Y
101,29,500,0,MALE,PhD,armed-forces,Multi-vehicle Collision,Rear Collision,Minor Damage,Ambulance,0,3,?,2,1,?,67210,N
111,27,500,4000000,FEMALE,Masters,tech-support,Single Vehicle Collision,Side Collision,Total Loss,Police,12,1,YES,2,3,NO,90970,N
267,46,2000,0,FEMALE,MD,adm-clerical,Multi-vehicle Collision,Front Collision,Total Loss,Police,4,4,NO,2,1,?,77100,N
463,59,1000,0,FEMALE,JD,exec-managerial,Multi-vehicle Collision,Front Collision,Major Damage,Other,14,2,?,1,2,NO,72400,Y
174,33,2000,0,FEMALE,College,farming-fishing,Multi-vehicle Collision,Rear Collision,Total Loss,Ambulance,14,3,YES,0,1,YES,44200,N
342,49,500,0,MALE,PhD,transport-moving,Single Vehicle Collision,Rear Collision,Minor Damage,Fire,3,1,?,2,0,YES,76700,N
119,34,500,0,FEMALE,College,tech-support,Single Vehicle Collision,Front Collision,Major Damage,Fire,7,1,YES,2,1,YES,45540,Y
22,25,2000,0,FEMALE,College,prof-specialty,Multi-vehicle Collision,Front Collision,Total Loss,Other,0,4,YES,1,0,NO,77130,N
468,62,500,0,MALE,PhD,machine-op-inspct,Multi-vehicle Collision,Rear Collision,Major Damage,Fire,7,3,YES,0,3,?,64350,N
458,62,2000,5000000,MALE,Associate,handlers-cleaners,Single Vehicle Collision,Rear Collision,Major Damage,Other,2,1,?,0,1,YES,46980,N
406,58,2000,0,MALE,MD,exec-managerial,Multi-vehicle Collision,Front Collision,Total Loss,Other,15,3,?,1,2,?,65520,N
356,54,500,0,MALE,College,prof-specialty,Multi-vehicle Collision,Front Collision,Major Damage,Other,23,3,NO,2,1,?,68750,Y
335,50,1000,6000000,MALE,High School,sales,Multi-vehicle Collision,Side Collision,Minor Damage,Ambulance,12,3,YES,2,3,YES,34320,N
264,41,500,0,MALE,PhD,prof-specialty,Single Vehicle Collision,Rear Collision,Minor Damage,Other,4,1,NO,1,0,?,60390,Y
97,28,1000,0,MALE,JD,farming-fishing,Single Vehicle Collision,Rear Collision,Total Loss,Ambulance,22,1,?,1,0,?,45270,N
297,48,1000,3000000,MALE,PhD,exec-managerial,Multi-vehicle Collision,Side Collision,Total Loss,Fire,17,3,?,0,0,NO,51480,N
249,43,2000,0,FEMALE,MD,adm-clerical,Multi-vehicle Collision,Rear Collision,Total Loss,Fire,4,3,YES,2,1,YES,57100,N
187,37,1000,5000000,FEMALE,Masters,protective-serv,Single Vehicle Collision,Side Collision,Total Loss,Ambulance,21,1,?,0,3,?,57700,N
129,30,2000,0,FEMALE,PhD,sales,Single Vehicle Collision,Front Collision,Total Loss,Other,7,1,NO,1,3,?,74360,N
103,26,500,0,MALE,MD,tech-support,Multi-vehicle Collision,Front Collision,Minor Damage,Police,14,2,NO,2,2,?,40600,N
290,48,500,5000000,MALE,Associate,adm-clerical,Multi-vehicle Collision,Side Collision,Minor Damage,Fire,20,2,?,1,1,?,41520,N
328,46,500,0,FEMALE,MD,prof-specialty,Single Vehicle Collision,Rear Collision,Total Loss,Other,0,1,?,2,3,?,70290,Y
328,48,500,0,MALE,Masters,armed-forces,Single Vehicle Collision,Front Collision,Major Damage,Ambulance,17,1,YES,2,1,NO,59400,N
362,55,1000,0,FEMALE,JD,other-service,Multi-vehicle Collision,Rear Collision,Total Loss,Police,0,3,NO,0,3,NO,39690,N
305,49,2000,0,FEMALE,High School,farming-fishing,Multi-vehicle Collision,Front Collision,Total Loss,Fire,21,3,YES,0,2,?,66550,N
85,27,2000,0,MALE,College,priv-house-serv,Multi-vehicle Collision,Rear Collision,Minor Damage,Fire,14,4,YES,0,0,NO,59070,N
77,26,2000,0,MALE,JD,exec-managerial,Multi-vehicle Collision,Rear Collision,Major Damage,Police,12,3,YES,2,0,?,69080,Y
246,39,1000,0,FEMALE,JD,craft-repair,Single Vehicle Collision,Rear Collision,Minor Damage,Ambulance,16,1,YES,0,3,?,45180,N
134,36,1000,0,MALE,PhD,machine-op-inspct,Multi-vehicle Collision,Side Collision,Minor Damage,Ambulance,17,3,NO,2,0,YES,77200,N
115,30,500,0,MALE,High School,prof-specialty,Multi-vehicle Collision,Front Collision,Minor Damage,Fire,12,3,NO,1,0,YES,49140,N
135,30,2000,0,FEMALE,MD,farming-fishing,Multi-vehicle Collision,Rear Collision,Minor Damage,Ambulance,18,3,NO,0,1,NO,32670,N
175,34,1000,8000000,FEMALE,PhD,protective-serv,Vehicle Theft,?,Trivial Damage,Police,5,1,?,2,0,YES,7290,N
437,60,1000,0,FEMALE,College,armed-forces,Single Vehicle Collision,Front Collision,Minor Damage,Other,10,1,NO,1,3,NO,84480,Y
134,32,500,0,FEMALE,MD,other-service,Single Vehicle Collision,Side Collision,Total Loss,Fire,2,1,?,2,1,YES,64240,N
257,43,1000,0,FEMALE,JD,transport-moving,Single Vehicle Collision,Rear Collision,Total Loss,Police,0,1,NO,0,1,YES,85320,N
370,55,2000,0,MALE,High School,prof-specialty,Multi-vehicle Collision,Rear Collision,Major Damage,Ambulance,20,3,NO,0,0,YES,71520,Y
426,54,2000,0,FEMALE,Masters,adm-clerical,Single Vehicle Collision,Side Collision,Minor Damage,Police,13,1,YES,2,3,?,100800,N
9,30,1000,0,FEMALE,High School,machine-op-inspct,Single Vehicle Collision,Rear Collision,Total Loss,Police,12,1,?,0,0,NO,85690,N
440,57,1000,5000000,MALE,College,protective-serv,Multi-vehicle Collision,Rear Collision,Major Damage,Police,19,3,YES,0,3,?,68200,Y
369,53,2000,0,FEMALE,Masters,priv-house-serv,Multi-vehicle Collision,Front Collision,Total Loss,Police,10,2,YES,1,3,NO,77990,N
475,61,500,0,FEMALE,Masters,handlers-cleaners,Single Vehicle Collision,Front Collision,Major Damage,Fire,23,1,YES,0,2,?,64350,N
154,34,1000,0,FEMALE,JD,priv-house-serv,Multi-vehicle Collision,Side Collision,Total Loss,Other,18,4,?,2,3,YES,74360,Y
126,30,2000,0,FEMALE,Associate,machine-op-inspct,Single Vehicle Collision,Side Collision,Minor Damage,Other,23,1,?,2,3,NO,48730,N
274,43,2000,0,MALE,College,farming-fishing,Single Vehicle Collision,Front Collision,Major Damage,Fire,22,1,YES,0,3,YES,63840,Y
241,39,2000,0,MALE,JD,sales,Multi-vehicle Collision,Rear Collision,Total Loss,Ambulance,21,3,NO,1,2,?,19080,N
254,40,500,0,MALE,MD,prof-specialty,Single Vehicle Collision,Front Collision,Minor Damage,Fire,10,1,YES,0,1,?,43280,Y
169,38,1000,0,MALE,PhD,craft-repair,Multi-vehicle Collision,Front Collision,Total Loss,Other,12,3,NO,1,3,YES,79080,N
253,41,1000,0,FEMALE,College,machine-op-inspct,Single Vehicle Collision,Rear Collision,Total Loss,Police,17,1,NO,2,0,?,56610,N
126,30,2000,0,MALE,College,sales,Multi-vehicle Collision,Rear Collision,Total Loss,Police,16,3,YES,2,0,NO,74160,N
130,34,500,3000000,FEMALE,Masters,armed-forces,Multi-vehicle Collision,Side Collision,Minor Damage,Police,4,3,?,2,3,YES,67500,N
280,41,2000,0,MALE,MD,adm-clerical,Multi-vehicle Collision,Rear Collision,Minor Damage,Police,10,3,?,0,3,YES,53020,N
122,34,500,0,FEMALE,Masters,prof-specialty,Multi-vehicle Collision,Rear Collision,Total Loss,Fire,18,3,NO,2,0,YES,99990,N
266,46,500,0,FEMALE,Associate,tech-support,Parked Car,?,Minor Damage,Police,5,1,NO,1,2,?,2160,N
15,34,1000,0,MALE,JD,tech-support,Multi-vehicle Collision,Side Collision,Total Loss,Other,21,3,YES,1,0,?,67650,N
398,58,500,0,FEMALE,Associate,exec-managerial,Single Vehicle Collision,Front Collision,Major Damage,Police,18,1,YES,2,1,?,99320,Y
247,39,500,0,FEMALE,Masters,protective-serv,Vehicle Theft,?,Trivial Damage,Police,5,1,YES,1,2,?,7700,N
243,43,500,0,FEMALE,Associate,machine-op-inspct,Multi-vehicle Collision,Front Collision,Major Damage,Ambulance,10,3,?,0,1,NO,37530,N
32,29,500,0,MALE,MD,adm-clerical,Multi-vehicle Collision,Front Collision,Minor Damage,Ambulance,11,3,YES,2,0,NO,57970,N
245,44,1000,0,MALE,JD,handlers-cleaners,Multi-vehicle Collision,Side Collision,Total Loss,Other,23,3,NO,0,3,NO,44280,N
284,48,2000,0,MALE,Masters,prof-specialty,Multi-vehicle Collision,Side Collision,Major Damage,Ambulance,16,2,?,2,3,NO,60940,Y
27,28,2000,0,MALE,JD,farming-fishing,Multi-vehicle Collision,Front Collision,Major Damage,Other,10,3,?,0,2,YES,53600,Y
236,39,1000,4000000,FEMALE,Masters,exec-managerial,Parked Car,?,Minor Damage,Police,17,1,YES,0,0,?,8700,N
147,37,1000,0,MALE,MD,prof-specialty,Single Vehicle Collision,Front Collision,Total Loss,Ambulance,22,1,?,1,0,NO,81120,N
460,62,1000,4000000,MALE,JD,other-service,Multi-vehicle Collision,Rear Collision,Minor Damage,Police,20,3,NO,1,0,?,47160,N
199,37,500,0,MALE,JD,tech-support,Single Vehicle Collision,Front Collision,Major Damage,Ambulance,4,1,?,0,3,NO,60170,Y
310,48,1000,0,FEMALE,Masters,priv-house-serv,Single Vehicle Collision,Front Collision,Major Damage,Police,21,1,YES,1,0,NO,55170,Y
304,49,1000,0,FEMALE,PhD,craft-repair,Single Vehicle Collision,Side Collision,Minor Damage,Other,2,1,YES,1,1,YES,73370,N
335,48,2000,0,FEMALE,MD,machine-op-inspct,Multi-vehicle Collision,Front Collision,Total Loss,Police,21,3,NO,0,0,YES,35860,Y
225,37,1000,5000000,FEMALE,High School,farming-fishing,Multi-vehicle Collision,Front Collision,Minor Damage,Fire,19,3,?,2,2,NO,57600,N
296,46,1000,7000000,MALE,Masters,craft-repair,Single Vehicle Collision,Front Collision,Major Damage,Ambulance,18,1,?,0,2,NO,54900,N
273,47,1000,0,FEMALE,Associate,prof-specialty,Multi-vehicle Collision,Side Collision,Minor Damage,Police,0,3,NO,1,3,?,39800,N
280,43,1000,0,MALE,JD,transport-moving,Single Vehicle Collision,Front Collision,Total Loss,Fire,1,1,NO,0,2,?,77000,N
431,54,2000,0,FEMALE,MD,craft-repair,Multi-vehicle Collision,Rear Collision,Major Damage,Police,4,3,?,2,0,?,62300,N
194,38,2000,0,FEMALE,PhD,craft-repair,Multi-vehicle Collision,Rear Collision,Minor Damage,Ambulance,15,3,?,1,0,?,53680,N
145,34,1000,0,FEMALE,JD,priv-house-serv,Single Vehicle Collision,Side Collision,Total Loss,Ambulance,18,1,YES,2,0,NO,52250,N
273,41,1000,0,FEMALE,PhD,farming-fishing,Multi-vehicle Collision,Side Collision,Total Loss,Police,16,2,?,1,2,YES,44110,N
276,46,2000,0,MALE,College,handlers-cleaners,Single Vehicle Collision,Front Collision,Minor Damage,Ambulance,17,1,NO,1,2,?,51390,Y
165,32,500,0,FEMALE,High School,tech-support,Parked Car,?,Minor Damage,Police,9,1,?,2,0,?,3960,N
194,39,500,0,MALE,Masters,adm-clerical,Multi-vehicle Collision,Front Collision,Major Damage,Other,3,3,?,2,2,NO,61500,N
245,39,500,8000000,FEMALE,Associate,adm-clerical,Multi-vehicle Collision,Rear Collision,Minor Damage,Police,7,3,?,0,1,?,72820,N
127,29,2000,5000000,FEMALE,High School,sales,Multi-vehicle Collision,Front Collision,Total Loss,Fire,12,2,YES,1,1,?,66950,N
238,43,1000,4000000,MALE,High School,handlers-cleaners,Multi-vehicle Collision,Rear Collision,Total Loss,Ambulance,21,4,NO,0,0,NO,42700,Y
264,47,2000,10000000,FEMALE,JD,transport-moving,Multi-vehicle Collision,Front Collision,Total Loss,Ambulance,16,4,YES,1,2,YES,62370,N
107,31,2000,0,FEMALE,PhD,machine-op-inspct,Single Vehicle Collision,Rear Collision,Minor Damage,Police,16,1,NO,0,3,NO,51260,N
290,47,1000,0,MALE,High School,exec-managerial,Multi-vehicle Collision,Side Collision,Minor Damage,Ambulance,20,3,YES,1,3,YES,56160,N
237,40,1000,0,MALE,College,craft-repair,Single Vehicle Collision,Rear Collision,Minor Damage,Other,6,1,NO,1,3,NO,77880,N
48,44,2000,0,MALE,College,sales,Multi-vehicle Collision,Rear Collision,Major Damage,Police,23,3,YES,0,2,?,87300,N
166,38,2000,0,MALE,MD,protective-serv,Single Vehicle Collision,Side Collision,Total Loss,Other,8,1,NO,0,0,?,40320,N
270,44,2000,0,FEMALE,Associate,machine-op-inspct,Multi-vehicle Collision,Rear Collision,Major Damage,Ambulance,20,3,?,1,0,NO,35900,Y
235,42,500,0,FEMALE,Masters,machine-op-inspct,Multi-vehicle Collision,Side Collision,Total Loss,Other,7,4,?,2,1,YES,69100,N
436,58,2000,5000000,MALE,PhD,tech-support,Single Vehicle Collision,Rear Collision,Major Damage,Police,10,1,?,0,2,?,59900,Y
148,30,500,0,FEMALE,Masters,farming-fishing,Multi-vehicle Collision,Side Collision,Minor Damage,Police,4,3,NO,2,2,NO,32480,N
101,32,500,0,MALE,JD,sales,Single Vehicle Collision,Front Collision,Minor Damage,Ambulance,4,1,?,0,3,YES,43600,N
199,38,1000,0,FEMALE,High School,tech-support,Single Vehicle Collision,Front Collision,Major Damage,Police,6,1,?,0,2,NO,44440,Y
409,57,1000,6000000,MALE,High School,protective-serv,Single Vehicle Collision,Side Collision,Major Damage,Other,19,1,NO,1,0,?,73320,N
92,32,500,0,MALE,Masters,prof-specialty,Single Vehicle Collision,Rear Collision,Total Loss,Ambulance,22,1,?,2,3,YES,53400,N
206,36,500,4000000,FEMALE,MD,other-service,Single Vehicle Collision,Front Collision,Major Damage,Ambulance,11,1,NO,2,1,NO,76560,Y
95,30,2000,0,MALE,College,transport-moving,Single Vehicle Collision,Rear Collision,Minor Damage,Police,22,1,YES,0,3,?,34800,N
159,33,2000,0,FEMALE,College,craft-repair,Multi-vehicle Collision,Rear Collision,Major Damage,Ambulance,23,3,YES,2,0,NO,44880,Y
284,48,1000,0,FEMALE,JD,tech-support,Single Vehicle Collision,Side Collision,Total Loss,Other,11,1,?,0,3,YES,35750,N
121,31,1000,0,MALE,Associate,adm-clerical,Multi-vehicle Collision,Side Collision,Major Damage,Fire,15,3,NO,1,2,?,64300,Y
325,46,500,0,FEMALE,High School,prof-specialty,Multi-vehicle Collision,Rear Collision,Minor Damage,Fire,21,3,?,1,2,YES,76120,N
245,40,500,0,FEMALE,Masters,armed-forces,Single Vehicle Collision,Front Collision,Total Loss,Other,0,1,YES,0,1,NO,85150,N
267,40,500,5000000,MALE,JD,transport-moving,Parked Car,?,Trivial Damage,Police,5,1,?,0,2,NO,5670,N
222,40,1000,0,MALE,JD,armed-forces,Multi-vehicle Collision,Rear Collision,Minor Damage,Other,17,2,YES,2,0,?,81500,N
255,43,500,0,FEMALE,JD,transport-moving,Multi-vehicle Collision,Side Collision,Major Damage,Fire,14,2,?,2,2,?,74700,Y
133,30,1000,0,MALE,College,adm-clerical,Multi-vehicle Collision,Front Collision,Minor Damage,Fire,19,3,NO,1,2,?,28440,N
255,41,2000,4000000,MALE,High School,priv-house-serv,Single Vehicle Collision,Side Collision,Minor Damage,Fire,22,1,NO,2,0,?,69300,N
20,23,1000,0,FEMALE,JD,tech-support,Multi-vehicle Collision,Rear Collision,Major Damage,Fire,21,3,NO,2,2,NO,63250,Y
254,46,2000,0,MALE,MD,tech-support,Multi-vehicle Collision,Front Collision,Major Damage,Ambulance,3,3,?,1,3,YES,63580,N
14,28,2000,0,FEMALE,Associate,craft-repair,Single Vehicle Collision,Rear Collision,Major Damage,Fire,18,1,?,2,1,YES,71280,Y
65,23,1000,0,FEMALE,College,sales,Single Vehicle Collision,Side Collision,Major Damage,Other,14,1,NO,1,0,YES,52400,Y
371,52,1000,7000000,FEMALE,High School,other-service,Multi-vehicle Collision,Rear Collision,Minor Damage,Other,2,2,YES,2,0,?,88920,N
22,26,1000,0,MALE,PhD,craft-repair,Single Vehicle Collision,Rear Collision,Minor Damage,Fire,3,1,YES,1,2,NO,78900,N
155,35,1000,0,FEMALE,Associate,protective-serv,Single Vehicle Collision,Front Collision,Minor Damage,Ambulance,0,1,?,0,3,?,48360,N
289,45,2000,0,FEMALE,Masters,farming-fishing,Vehicle Theft,?,Trivial Damage,Police,9,1,NO,2,1,NO,2700,N
229,41,2000,3000000,MALE,PhD,tech-support,Single Vehicle Collision,Side Collision,Major Damage,Other,23,1,NO,1,3,NO,62640,N
330,48,1000,0,MALE,College,farming-fishing,Single Vehicle Collision,Side Collision,Major Damage,Ambulance,10,1,YES,1,3,?,59500,N
134,29,2000,5000000,FEMALE,PhD,sales,Multi-vehicle Collision,Rear Collision,Minor Damage,Police,7,3,NO,2,3,NO,34650,N
56,29,1000,0,MALE,Masters,prof-specialty,Multi-vehicle Collision,Front Collision,Major Damage,Fire,10,3,?,1,2,YES,94560,N
16,32,1000,0,MALE,MD,tech-support,Multi-vehicle Collision,Side Collision,Total Loss,Ambulance,0,3,?,0,2,?,59400,Y
165,37,1000,0,MALE,Associate,tech-support,Multi-vehicle Collision,Front Collision,Total Loss,Police,23,3,?,2,2,YES,51590,N
165,33,1000,0,FEMALE,Associate,tech-support,Parked Car,?,Minor Damage,Police,3,1,NO,1,1,NO,2970,N
128,28,1000,0,FEMALE,High School,adm-clerical,Single Vehicle Collision,Rear Collision,Total Loss,Ambulance,11,1,NO,0,2,YES,101860,N
269,45,500,0,FEMALE,High School,machine-op-inspct,Multi-vehicle Collision,Side Collision,Total Loss,Police,5,3,?,0,0,NO,24200,N
61,24,500,0,FEMALE,College,priv-house-serv,Multi-vehicle Collision,Rear Collision,Major Damage,Ambulance,15,3,YES,2,1,?,65520,Y
440,61,500,0,MALE,PhD,transport-moving,Single Vehicle Collision,Side Collision,Major Damage,Fire,21,1,?,2,3,NO,53640,Y
39,22,500,0,MALE,JD,farming-fishing,Single Vehicle Collision,Rear Collision,Major Damage,Police,14,1,YES,0,1,YES,86130,Y
106,28,2000,0,MALE,High School,craft-repair,Vehicle Theft,?,Minor Damage,Police,8,1,YES,2,1,YES,5490,N
138,33,500,5000000,FEMALE,JD,exec-managerial,Single Vehicle Collision,Side Collision,Minor Damage,Other,6,1,NO,2,0,?,95810,N
89,32,2000,0,FEMALE,MD,tech-support,Parked Car,?,Trivial Damage,Police,5,1,YES,1,2,?,100,N
244,40,500,0,FEMALE,MD,sales,Vehicle Theft,?,Trivial Damage,Police,2,1,YES,1,3,YES,5940,N
456,60,1000,0,FEMALE,Associate,sales,Parked Car,?,Minor Damage,Police,6,1,?,0,3,?,5060,N
288,45,1000,0,MALE,Masters,priv-house-serv,Multi-vehicle Collision,Rear Collision,Major Damage,Fire,4,3,?,2,1,?,48060,N
177,34,2000,0,FEMALE,JD,tech-support,Multi-vehicle Collision,Front Collision,Total Loss,Ambulance,22,3,?,1,1,NO,18000,N
172,35,2000,0,MALE,MD,handlers-cleaners,Multi-vehicle Collision,Rear Collision,Major Damage,Police,19,3,?,2,0,NO,79750,N
102,28,500,0,MALE,MD,machine-op-inspct,Single Vehicle Collision,Side Collision,Total Loss,Police,6,1,NO,1,0,NO,73400,N
27,28,1000,0,MALE,MD,protective-serv,Parked Car,?,Trivial Damage,Police,4,1,?,2,0,?,3200,N
123,34,2000,0,FEMALE,College,sales,Multi-vehicle Collision,Side Collision,Total Loss,Fire,13,3,NO,1,1,?,55260,N
359,47,2000,0,FEMALE,MD,handlers-cleaners,Single Vehicle Collision,Front Collision,Total Loss,Police,13,1,NO,0,3,NO,55500,N
461,61,2000,0,MALE,JD,exec-managerial,Multi-vehicle Collision,Rear Collision,Minor Damage,Police,10,3,?,2,1,YES,72100,N
257,43,2000,0,MALE,High School,prof-specialty,Parked Car,?,Minor Damage,Police,4,1,YES,1,3,YES,9020,N
366,50,1000,0,FEMALE,High School,handlers-cleaners,Multi-vehicle Collision,Rear Collision,Minor Damage,Police,5,3,YES,1,3,NO,70290,N
234,41,500,0,FEMALE,JD,transport-moving,Multi-vehicle Collision,Side Collision,Major Damage,Police,3,3,NO,2,1,?,98280,Y
166,34,1000,0,FEMALE,High School,machine-op-inspct,Single Vehicle Collision,Side Collision,Total Loss,Other,18,1,NO,0,2,YES,53680,N
128,31,500,0,FEMALE,High School,transport-moving,Multi-vehicle Collision,Side Collision,Major Damage,Ambulance,2,3,NO,0,2,?,69930,Y
27,32,500,0,FEMALE,PhD,adm-clerical,Single Vehicle Collision,Front Collision,Total Loss,Ambulance,11,1,NO,1,0,?,61500,N
158,33,2000,0,FEMALE,Associate,handlers-cleaners,Single Vehicle Collision,Side Collision,Total Loss,Other,0,1,?,0,0,?,35000,N
472,64,500,0,MALE,Masters,other-service,Single Vehicle Collision,Front Collision,Major Damage,Fire,13,1,NO,2,3,NO,70900,N
179,32,2000,0,FEMALE,PhD,priv-house-serv,Single Vehicle Collision,Front Collision,Minor Damage,Fire,10,1,?,0,1,?,53100,N
117,28,500,0,FEMALE,Associate,transport-moving,Multi-vehicle Collision,Rear Collision,Total Loss,Fire,13,2,YES,0,1,?,55440,Y
447,61,2000,0,FEMALE,High School,exec-managerial,Multi-vehicle Collision,Front Collision,Major Damage,Fire,21,3,YES,1,2,YES,114920,N
352,53,500,0,MALE,Associate,tech-support,Single Vehicle Collision,Front Collision,Minor Damage,Fire,23,1,YES,2,2,NO,68750,N
371,51,1000,0,FEMALE,Associate,tech-support,Single Vehicle Collision,Rear Collision,Major Damage,Fire,7,1,YES,0,3,YES,75400,Y
85,31,2000,9000000,FEMALE,MD,tech-support,Multi-vehicle Collision,Front Collision,Major Damage,Other,1,2,NO,2,1,?,74400,Y
37,31,500,0,FEMALE,MD,sales,Multi-vehicle Collision,Side Collision,Total Loss,Fire,21,3,NO,1,1,YES,76450,N
173,36,1000,0,MALE,College,machine-op-inspct,Single Vehicle Collision,Rear Collision,Total Loss,Fire,22,1,YES,2,3,NO,52030,N
160,33,1000,0,FEMALE,High School,exec-managerial,Multi-vehicle Collision,Front Collision,Total Loss,Ambulance,17,3,?,2,3,YES,52800,N
195,36,2000,0,FEMALE,Associate,machine-op-inspct,Multi-vehicle Collision,Front Collision,Total Loss,Fire,14,3,YES,2,3,YES,68970,N
252,46,2000,0,FEMALE,JD,handlers-cleaners,Multi-vehicle Collision,Front Collision,Total Loss,Other,22,3,NO,0,2,NO,89520,N
373,55,500,0,MALE,MD,sales,Multi-vehicle Collision,Rear Collision,Major Damage,Other,21,4,?,0,2,NO,60600,Y
103,29,500,0,MALE,Associate,prof-specialty,Parked Car,?,Minor Damage,Police,5,1,NO,2,3,NO,7110,N
124,32,1000,0,FEMALE,MD,other-service,Multi-vehicle Collision,Front Collision,Total Loss,Other,19,3,NO,0,2,YES,73560,N
146,36,2000,0,FEMALE,Masters,other-service,Multi-vehicle Collision,Side Collision,Total Loss,Police,16,3,NO,1,1,NO,55900,N
196,39,2000,0,FEMALE,High School,handlers-cleaners,Multi-vehicle Collision,Side Collision,Major Damage,Police,8,3,?,2,0,NO,60400,N
250,42,500,0,MALE,High School,exec-managerial,Single Vehicle Collision,Rear Collision,Major Damage,Other,16,1,?,1,1,?,74800,Y
291,46,1000,0,FEMALE,High School,adm-clerical,Parked Car,?,Minor Damage,Police,8,1,NO,2,2,YES,5580,Y
246,45,1000,0,MALE,JD,machine-op-inspct,Multi-vehicle Collision,Side Collision,Major Damage,Fire,9,3,?,2,2,?,53280,Y
286,43,500,3000000,FEMALE,MD,prof-specialty,Single Vehicle Collision,Rear Collision,Minor Damage,Fire,18,1,?,2,2,YES,34290,N
211,40,1000,0,FEMALE,PhD,other-service,Vehicle Theft,?,Trivial Damage,Police,3,1,NO,1,1,NO,3190,N
380,56,1000,0,MALE,MD,farming-fishing,Single Vehicle Collision,Side Collision,Total Loss,Police,10,1,?,0,1,YES,58160,Y
253,43,500,7000000,FEMALE,Associate,tech-support,Vehicle Theft,?,Trivial Damage,Police,9,1,NO,0,1,?,3840,N
55,35,500,8000000,MALE,MD,priv-house-serv,Vehicle Theft,?,Minor Damage,Police,9,1,NO,0,3,NO,3080,N
259,43,500,0,FEMALE,Masters,farming-fishing,Vehicle Theft,?,Trivial Damage,Police,15,1,NO,1,3,NO,7680,N
59,40,2000,0,MALE,College,protective-serv,Multi-vehicle Collision,Front Collision,Total Loss,Ambulance,0,3,?,0,2,NO,51570,N
196,36,2000,0,MALE,MD,armed-forces,Vehicle Theft,?,Trivial Damage,Police,3,1,?,1,1,NO,5300,Y
261,45,1000,0,FEMALE,PhD,prof-specialty,Single Vehicle Collision,Rear Collision,Minor Damage,Fire,16,1,YES,0,1,?,62590,N
239,40,500,0,FEMALE,JD,sales,Multi-vehicle Collision,Rear Collision,Total Loss,Police,20,3,?,0,0,YES,69740,N
278,47,500,0,MALE,Masters,machine-op-inspct,Single Vehicle Collision,Rear Collision,Major Damage,Ambulance,21,1,NO,2,2,YES,58500,N
126,28,500,0,FEMALE,JD,machine-op-inspct,Multi-vehicle Collision,Rear Collision,Total Loss,Police,3,4,NO,0,1,?,67800,N
278,48,2000,7000000,FEMALE,MD,farming-fishing,Single Vehicle Collision,Front Collision,Total Loss,Ambulance,12,1,?,2,0,?,76050,N
289,48,500,8000000,FEMALE,PhD,handlers-cleaners,Single Vehicle Collision,Front Collision,Total Loss,Other,1,1,?,1,0,?,42900,N
161,38,2000,0,MALE,PhD,priv-house-serv,Multi-vehicle Collision,Front Collision,Total Loss,Police,0,3,YES,2,2,YES,60480,N
479,60,2000,0,FEMALE,College,other-service,Single Vehicle Collision,Rear Collision,Total Loss,Ambulance,18,1,NO,0,0,NO,60600,N
124,32,1000,0,FEMALE,Masters,farming-fishing,Single Vehicle Collision,Side Collision,Total Loss,Ambulance,23,1,YES,0,1,NO,57700,N
2,20,1000,4000000,FEMALE,High School,craft-repair,Single Vehicle Collision,Side Collision,Minor Damage,Other,22,1,NO,1,3,YES,48360,N
279,45,2000,6000000,FEMALE,MD,other-service,Multi-vehicle Collision,Rear Collision,Major Damage,Other,21,3,?,1,0,?,61050,Y
431,54,1000,0,FEMALE,Masters,craft-repair,Multi-vehicle Collision,Rear Collision,Total Loss,Fire,13,3,NO,2,3,?,63240,N
1,29,500,0,FEMALE,JD,craft-repair,Single Vehicle Collision,Side Collision,Minor Damage,Police,15,1,?,2,3,YES,86790,N
270,41,1000,0,MALE,High School,sales,Multi-vehicle Collision,Rear Collision,Total Loss,Ambulance,17,3,?,1,1,NO,60190,Y
7,21,1000,0,MALE,Associate,machine-op-inspct,Single Vehicle Collision,Front Collision,Total Loss,Other,21,1,?,1,2,?,62460,N
297,48,1000,0,FEMALE,MD,other-service,Single Vehicle Collision,Side Collision,Minor Damage,Fire,12,1,?,0,0,?,60600,N
63,24,2000,0,FEMALE,High School,handlers-cleaners,Vehicle Theft,?,Minor Damage,Police,7,1,NO,2,0,NO,6120,N
264,43,500,6000000,MALE,PhD,craft-repair,Multi-vehicle Collision,Rear Collision,Major Damage,Other,0,3,?,2,1,NO,60750,Y
160,38,500,0,MALE,High School,sales,Multi-vehicle Collision,Side Collision,Major Damage,Fire,13,3,NO,2,1,YES,66780,N
65,29,2000,5000000,FEMALE,MD,sales,Multi-vehicle Collision,Rear Collision,Minor Damage,Other,21,3,YES,0,0,?,62900,N
215,38,500,0,FEMALE,PhD,craft-repair,Single Vehicle Collision,Rear Collision,Total Loss,Police,10,1,?,0,1,NO,70700,N
434,57,2000,0,MALE,JD,transport-moving,Multi-vehicle Collision,Rear Collision,Major Damage,Other,15,3,NO,1,3,NO,66240,N
144,35,500,0,MALE,High School,machine-op-inspct,Multi-vehicle Collision,Side Collision,Major Damage,Police,3,3,?,0,0,?,87900,N
146,32,2000,0,MALE,Associate,priv-house-serv,Single Vehicle Collision,Rear Collision,Major Damage,Fire,12,1,?,0,3,?,59940,N
208,36,500,0,MALE,Associate,craft-repair,Multi-vehicle Collision,Side Collision,Total Loss,Other,16,3,YES,1,0,YES,50500,N
124,29,500,0,MALE,Masters,handlers-cleaners,Multi-vehicle Collision,Side Collision,Major Damage,Police,14,3,?,0,3,YES,72000,N
153,37,500,0,MALE,High School,transport-moving,Multi-vehicle Collision,Side Collision,Total Loss,Ambulance,5,3,?,0,3,NO,42500,N
439,56,500,0,FEMALE,PhD,prof-specialty,Multi-vehicle Collision,Front Collision,Major Damage,Fire,12,3,?,2,3,?,56430,N
364,51,500,0,MALE,Masters,transport-moving,Single Vehicle Collision,Rear Collision,Major Damage,Other,16,1,YES,2,1,NO,77330,Y
126,34,2000,0,FEMALE,Masters,transport-moving,Multi-vehicle Collision,Side Collision,Major Damage,Fire,2,3,NO,0,1,YES,58410,N
147,37,1000,6000000,FEMALE,Associate,prof-specialty,Multi-vehicle Collision,Rear Collision,Total Loss,Other,2,2,NO,1,2,NO,53680,N
113,29,2000,0,MALE,PhD,exec-managerial,Multi-vehicle Collision,Rear Collision,Minor Damage,Other,15,3,?,0,2,YES,49950,Y
186,33,1000,0,FEMALE,Associate,craft-repair,Vehicle Theft,?,Trivial Damage,Police,3,1,NO,2,1,?,4730,Y
287,45,1000,0,MALE,Masters,transport-moving,Single Vehicle Collision,Front Collision,Minor Damage,Fire,19,1,NO,0,2,NO,53800,N
272,41,2000,5000000,MALE,MD,protective-serv,Single Vehicle Collision,Front Collision,Minor Damage,Fire,23,1,NO,0,0,NO,84100,Y
274,44,500,0,FEMALE,JD,tech-support,Vehicle Theft,?,Minor Damage,Police,7,1,NO,2,1,?,5590,N
103,33,2000,0,FEMALE,Masters,other-service,Multi-vehicle Collision,Side Collision,Major Damage,Ambulance,1,3,NO,2,3,?,79090,N
152,33,1000,0,FEMALE,High School,farming-fishing,Single Vehicle Collision,Rear Collision,Minor Damage,Ambulance,2,1,YES,0,2,?,82610,Y
242,40,500,0,FEMALE,High School,transport-moving,Vehicle Theft,?,Trivial Damage,Police,5,1,YES,1,1,NO,7480,N
266,44,500,0,MALE,High School,handlers-cleaners,Single Vehicle Collision,Front Collision,Total Loss,Police,4,1,?,1,2,YES,32800,N
303,43,1000,7000000,FEMALE,Associate,machine-op-inspct,Single Vehicle Collision,Rear Collision,Minor Damage,Fire,20,1,?,2,0,?,60210,N
413,55,2000,0,MALE,MD,priv-house-serv,Single Vehicle Collision,Front Collision,Total Loss,Ambulance,15,1,?,2,2,?,98160,Y
217,41,2000,0,FEMALE,Associate,machine-op-inspct,Multi-vehicle Collision,Side Collision,Total Loss,Police,15,3,?,1,2,?,37840,N
405,58,500,0,MALE,MD,exec-managerial,Single Vehicle Collision,Front Collision,Major Damage,Police,11,1,?,0,0,?,63580,Y
330,50,1000,0,FEMALE,High School,sales,Single Vehicle Collision,Side Collision,Total Loss,Fire,19,1,YES,0,0,NO,49060,N
6,27,500,0,FEMALE,High School,prof-specialty,Vehicle Theft,?,Trivial Damage,Police,7,1,?,0,1,YES,3190,N
249,43,1000,0,FEMALE,MD,armed-forces,Single Vehicle Collision,Front Collision,Major Damage,Fire,16,1,?,0,0,YES,53500,N
356,47,2000,0,MALE,High School,prof-specialty,Single Vehicle Collision,Side Collision,Minor Damage,Other,5,1,YES,0,3,?,61490,N
313,47,1000,0,MALE,College,prof-specialty,Single Vehicle Collision,Front Collision,Major Damage,Ambulance,20,1,YES,1,3,NO,40260,Y
465,63,500,6000000,FEMALE,Masters,sales,Single Vehicle Collision,Side Collision,Minor Damage,Other,7,1,NO,0,3,?,43560,N
149,34,500,0,FEMALE,PhD,craft-repair,Single Vehicle Collision,Rear Collision,Total Loss,Fire,3,1,?,0,1,NO,105040,N
247,39,500,0,FEMALE,College,handlers-cleaners,Parked Car,?,Trivial Damage,Police,3,1,?,2,3,?,3300,N
165,35,500,6000000,MALE,College,craft-repair,Single Vehicle Collision,Front Collision,Total Loss,Other,8,1,NO,1,3,YES,69700,N
120,30,500,0,FEMALE,Associate,priv-house-serv,Single Vehicle Collision,Front Collision,Minor Damage,Other,20,1,?,1,1,YES,87100,N
82,27,1000,0,MALE,PhD,adm-clerical,Single Vehicle Collision,Rear Collision,Major Damage,Other,14,1,NO,2,3,?,71680,Y
164,38,2000,0,FEMALE,PhD,transport-moving,Single Vehicle Collision,Rear Collision,Minor Damage,Fire,4,1,NO,1,3,YES,90000,N
175,36,500,0,MALE,Masters,exec-managerial,Multi-vehicle Collision,Rear Collision,Major Damage,Police,15,3,YES,2,1,YES,42680,Y
119,27,2000,0,MALE,High School,transport-moving,Multi-vehicle Collision,Rear Collision,Major Damage,Other,16,2,NO,1,0,?,63720,N
282,43,500,0,MALE,MD,farming-fishing,Single Vehicle Collision,Side Collision,Major Damage,Ambulance,19,1,NO,1,2,NO,46800,Y
256,39,1000,0,FEMALE,PhD,tech-support,Multi-vehicle Collision,Rear Collision,Major Damage,Fire,19,3,NO,0,2,NO,64100,Y
246,44,1000,0,MALE,High School,machine-op-inspct,Single Vehicle Collision,Rear Collision,Minor Damage,Other,6,1,NO,1,0,NO,61740,N
231,43,2000,0,MALE,College,protective-serv,Multi-vehicle Collision,Front Collision,Minor Damage,Police,15,3,YES,2,2,YES,77100,N
398,55,500,0,MALE,High School,adm-clerical,Vehicle Theft,?,Trivial Damage,Police,7,1,?,2,3,?,6600,N
202,38,2000,0,FEMALE,Associate,armed-forces,Single Vehicle Collision,Side Collision,Major Damage,Other,12,1,YES,1,1,NO,77440,N
475,57,500,0,MALE,Masters,adm-clerical,Single Vehicle Collision,Front Collision,Minor Damage,Police,20,1,?,0,2,NO,78000,N
285,48,2000,0,FEMALE,College,sales,Single Vehicle Collision,Side Collision,Minor Damage,Police,9,1,NO,1,2,YES,33480,N
224,42,500,0,FEMALE,College,prof-specialty,Single Vehicle Collision,Front Collision,Minor Damage,Fire,11,1,?,0,0,YES,55200,N
322,44,1000,0,FEMALE,College,machine-op-inspct,Multi-vehicle Collision,Side Collision,Major Damage,Fire,20,3,YES,0,3,?,49400,N
255,39,500,0,FEMALE,PhD,armed-forces,Multi-vehicle Collision,Side Collision,Total Loss,Fire,17,3,YES,0,3,NO,29300,N
220,42,1000,0,MALE,College,farming-fishing,Multi-vehicle Collision,Rear Collision,Minor Damage,Fire,20,4,NO,0,2,YES,47740,N
69,26,2000,0,FEMALE,High School,machine-op-inspct,Single Vehicle Collision,Front Collision,Minor Damage,Fire,14,1,NO,2,2,NO,63120,N
73,30,500,0,FEMALE,High School,protective-serv,Multi-vehicle Collision,Rear Collision,Total Loss,Other,15,3,?,0,0,YES,57000,N
290,45,2000,0,MALE,Associate,tech-support,Multi-vehicle Collision,Side Collision,Minor Damage,Fire,22,3,?,0,1,NO,66200,N
203,38,500,0,FEMALE,Masters,other-service,Single Vehicle Collision,Front Collision,Major Damage,Ambulance,7,1,?,0,1,YES,55440,Y
32,26,2000,6000000,MALE,JD,other-service,Single Vehicle Collision,Side Collision,Total Loss,Fire,16,1,?,1,2,?,45500,N
96,27,1000,0,FEMALE,High School,priv-house-serv,Parked Car,?,Trivial Damage,Police,4,1,?,1,2,NO,6030,N
210,35,1000,0,MALE,Masters,farming-fishing,Single Vehicle Collision,Front Collision,Total Loss,Ambulance,11,1,NO,0,2,?,58200,N
338,47,500,4000000,MALE,MD,priv-house-serv,Single Vehicle Collision,Front Collision,Total Loss,Other,4,1,YES,2,1,?,58560,N
36,37,1000,0,FEMALE,Masters,machine-op-inspct,Multi-vehicle Collision,Side Collision,Minor Damage,Ambulance,20,3,YES,1,3,?,48780,N
154,34,500,0,MALE,PhD,machine-op-inspct,Multi-vehicle Collision,Rear Collision,Major Damage,Police,15,3,YES,2,1,?,69480,Y
241,39,1000,0,FEMALE,JD,adm-clerical,Multi-vehicle Collision,Side Collision,Minor Damage,Police,20,3,NO,0,2,YES,37520,N
156,37,500,0,MALE,High School,exec-managerial,Multi-vehicle Collision,Rear Collision,Minor Damage,Police,16,4,?,1,2,YES,53400,Y
165,36,2000,0,MALE,Masters,armed-forces,Multi-vehicle Collision,Side Collision,Total Loss,Fire,20,3,NO,2,2,NO,45700,N
310,48,500,0,FEMALE,JD,adm-clerical,Multi-vehicle Collision,Rear Collision,Major Damage,Police,11,4,YES,0,2,NO,59400,Y
84,30,2000,0,MALE,Associate,priv-house-serv,Vehicle Theft,?,Trivial Damage,Police,9,1,YES,1,3,?,4620,N
209,36,2000,0,FEMALE,MD,craft-repair,Multi-vehicle Collision,Rear Collision,Total Loss,Ambulance,17,3,?,1,3,?,65440,N
186,37,2000,0,FEMALE,JD,priv-house-serv,Single Vehicle Collision,Rear Collision,Total Loss,Ambulance,22,1,YES,1,2,YES,55600,N
64,25,1000,0,MALE,Masters,prof-specialty,Multi-vehicle Collision,Side Collision,Major Damage,Ambulance,22,4,NO,0,0,?,75600,N
131,29,1000,0,FEMALE,Associate,sales,Single Vehicle Collision,Front Collision,Major Damage,Fire,5,1,?,1,3,NO,76400,N
271,44,500,0,FEMALE,High School,tech-support,Single Vehicle Collision,Rear Collision,Minor Damage,Other,16,1,NO,2,2,NO,76230,Y
104,30,500,0,FEMALE,MD,protective-serv,Vehicle Theft,?,Minor Damage,Police,8,1,NO,0,0,YES,4800,N
143,31,500,0,MALE,Associate,protective-serv,Multi-vehicle Collision,Side Collision,Major Damage,Other,21,4,YES,2,0,?,76120,N
386,53,500,0,MALE,JD,craft-repair,Single Vehicle Collision,Front Collision,Minor Damage,Police,16,1,?,2,3,YES,66660,N
110,33,1000,0,MALE,Associate,other-service,Single Vehicle Collision,Rear Collision,Major Damage,Ambulance,19,1,?,2,3,NO,55200,Y
1,33,2000,0,MALE,Associate,sales,Single Vehicle Collision,Side Collision,Total Loss,Other,23,1,YES,0,3,NO,69400,N
166,37,500,0,FEMALE,MD,craft-repair,Single Vehicle Collision,Rear Collision,Total Loss,Ambulance,10,1,YES,1,1,NO,58300,N
254,39,500,0,FEMALE,MD,exec-managerial,Multi-vehicle Collision,Front Collision,Minor Damage,Ambulance,6,3,YES,2,2,NO,82320,Y
185,34,500,0,FEMALE,PhD,armed-forces,Multi-vehicle Collision,Side Collision,Major Damage,Fire,20,3,YES,1,1,?,51370,Y
199,41,1000,0,FEMALE,Associate,sales,Single Vehicle Collision,Rear Collision,Minor Damage,Ambulance,10,1,NO,1,2,NO,30100,N
265,40,1000,0,FEMALE,MD,protective-serv,Multi-vehicle Collision,Rear Collision,Total Loss,Other,17,3,NO,2,3,?,55120,N
371,50,1000,0,MALE,PhD,machine-op-inspct,Multi-vehicle Collision,Side Collision,Major Damage,Other,2,3,NO,2,1,YES,84500,Y
166,37,2000,8000000,MALE,JD,craft-repair,Multi-vehicle Collision,Side Collision,Major Damage,Police,10,3,NO,2,2,?,67140,Y
15,34,2000,0,FEMALE,High School,sales,Single Vehicle Collision,Front Collision,Major Damage,Police,10,1,YES,1,3,?,75570,Y
241,45,2000,0,FEMALE,PhD,machine-op-inspct,Single Vehicle Collision,Rear Collision,Minor Damage,Police,5,1,NO,2,2,NO,91650,N
211,35,2000,0,MALE,Masters,machine-op-inspct,Single Vehicle Collision,Rear Collision,Total Loss,Police,2,1,YES,0,1,?,52030,N
263,43,1000,0,FEMALE,Masters,handlers-cleaners,Single Vehicle Collision,Rear Collision,Minor Damage,Fire,17,1,YES,2,3,YES,79320,N
375,50,1000,0,MALE,Associate,sales,Single Vehicle Collision,Front Collision,Major Damage,Police,16,1,YES,2,3,NO,37280,Y
134,32,1000,0,FEMALE,PhD,farming-fishing,Single Vehicle Collision,Side Collision,Total Loss,Other,17,1,?,1,0,?,82720,N
282,46,2000,0,MALE,MD,other-service,Single Vehicle Collision,Front Collision,Minor Damage,Police,2,1,?,2,2,NO,69400,N
275,45,2000,0,FEMALE,Associate,adm-clerical,Multi-vehicle Collision,Side Collision,Total Loss,Ambulance,8,3,YES,1,1,?,64320,N
362,50,500,4000000,MALE,Associate,sales,Multi-vehicle Collision,Side Collision,Total Loss,Fire,17,3,?,1,1,NO,57060,N
41,25,1000,0,MALE,Masters,priv-house-serv,Multi-vehicle Collision,Front Collision,Major Damage,Fire,13,3,NO,1,3,NO,48000,N
80,27,500,0,MALE,JD,farming-fishing,Multi-vehicle Collision,Rear Collision,Major Damage,Police,16,3,YES,1,3,?,40810,Y
131,33,2000,0,MALE,MD,sales,Parked Car,?,Minor Damage,Police,3,1,?,0,1,NO,4900,N
154,37,1000,0,FEMALE,MD,farming-fishing,Single Vehicle Collision,Rear Collision,Minor Damage,Other,2,1,?,0,3,NO,79530,N
128,35,500,0,FEMALE,MD,machine-op-inspct,Multi-vehicle Collision,Front Collision,Minor Damage,Fire,10,3,?,2,1,NO,88220,N
377,53,500,0,FEMALE,MD,craft-repair,Multi-vehicle Collision,Front Collision,Total Loss,Fire,10,3,YES,1,3,NO,59040,N
394,57,500,0,FEMALE,High School,craft-repair,Vehicle Theft,?,Trivial Damage,Police,9,1,NO,1,0,NO,6890,N
212,42,500,0,MALE,PhD,priv-house-serv,Single Vehicle Collision,Rear Collision,Total Loss,Other,14,1,NO,2,1,?,42300,N
385,51,1000,0,FEMALE,MD,craft-repair,Multi-vehicle Collision,Rear Collision,Minor Damage,Other,14,3,?,1,3,?,67600,N
192,38,1000,0,FEMALE,Masters,transport-moving,Multi-vehicle Collision,Rear Collision,Total Loss,Other,10,3,?,0,2,NO,30700,N
110,28,1000,0,MALE,College,other-service,Multi-vehicle Collision,Side Collision,Minor Damage,Police,20,3,YES,0,2,?,65040,N
240,40,500,9000000,FEMALE,JD,protective-serv,Multi-vehicle Collision,Rear Collision,Total Loss,Fire,18,2,YES,0,2,?,66550,N
294,49,500,0,MALE,Masters,farming-fishing,Multi-vehicle Collision,Side Collision,Total Loss,Police,23,3,YES,1,1,YES,42900,N
61,23,2000,4000000,FEMALE,Associate,tech-support,Single Vehicle Collision,Side Collision,Major Damage,Police,14,1,NO,0,3,?,98340,Y
96,30,500,6000000,MALE,College,prof-specialty,Single Vehicle Collision,Side Collision,Total Loss,Fire,22,1,?,0,0,YES,53440,N
259,44,2000,0,FEMALE,Masters,exec-managerial,Single Vehicle Collision,Front Collision,Minor Damage,Other,8,1,YES,0,0,YES,105820,N
292,42,1000,0,MALE,JD,machine-op-inspct,Multi-vehicle Collision,Rear Collision,Total Loss,Other,15,3,YES,1,1,NO,84600,N
295,42,2000,5000000,MALE,PhD,sales,Multi-vehicle Collision,Rear Collision,Total Loss,Fire,16,3,NO,0,0,NO,59130,Y
72,29,500,0,FEMALE,Associate,craft-repair,Single Vehicle Collision,Rear Collision,Major Damage,Ambulance,9,1,?,1,0,NO,66200,N
334,46,1000,6000000,MALE,MD,sales,Single Vehicle Collision,Rear Collision,Minor Damage,Police,2,1,NO,2,1,NO,57330,N
185,35,2000,0,MALE,College,other-service,Vehicle Theft,?,Trivial Damage,Police,8,1,?,2,3,YES,4950,N
121,31,1000,6000000,FEMALE,JD,armed-forces,Single Vehicle Collision,Rear Collision,Minor Damage,Police,16,1,NO,0,1,YES,65250,N
171,34,2000,0,FEMALE,College,exec-managerial,Single Vehicle Collision,Rear Collision,Major Damage,Police,14,1,NO,1,2,?,69200,Y
149,37,500,0,MALE,PhD,prof-specialty,Single Vehicle Collision,Side Collision,Total Loss,Fire,17,1,YES,0,1,YES,64800,N
422,60,1000,0,FEMALE,MD,machine-op-inspct,Single Vehicle Collision,Front Collision,Major Damage,Ambulance,11,1,YES,1,1,NO,85250,N
163,33,500,0,FEMALE,Associate,other-service,Multi-vehicle Collision,Rear Collision,Total Loss,Fire,11,3,YES,1,1,?,77110,N
32,38,2000,5000000,MALE,Associate,armed-forces,Parked Car,?,Trivial Damage,Police,22,1,YES,0,0,NO,2640,N
169,39,2000,0,MALE,High School,armed-forces,Multi-vehicle Collision,Rear Collision,Total Loss,Police,9,3,YES,0,3,NO,46200,N
128,35,1000,0,FEMALE,Associate,adm-clerical,Vehicle Theft,?,Trivial Damage,Police,16,1,?,2,0,?,7590,N
224,39,1000,0,FEMALE,JD,prof-specialty,Multi-vehicle Collision,Rear Collision,Total Loss,Fire,21,3,YES,2,1,?,61800,N
100,33,500,6000000,MALE,College,adm-clerical,Single Vehicle Collision,Rear Collision,Minor Damage,Other,4,1,NO,1,2,NO,40800,N
99,28,500,0,MALE,MD,prof-specialty,Single Vehicle Collision,Front Collision,Total Loss,Other,3,1,NO,2,2,YES,49900,N
272,41,2000,0,FEMALE,Associate,farming-fishing,Single Vehicle Collision,Side Collision,Major Damage,Other,19,1,?,1,1,?,71060,N
233,43,1000,0,FEMALE,College,tech-support,Multi-vehicle Collision,Side Collision,Minor Damage,Other,17,3,?,2,3,YES,42500,N
461,57,500,7000000,FEMALE,High School,farming-fishing,Multi-vehicle Collision,Side Collision,Major Damage,Ambulance,7,3,NO,0,1,?,59040,N
210,41,500,0,MALE,High School,exec-managerial,Multi-vehicle Collision,Rear Collision,Total Loss,Other,12,3,?,2,0,NO,81070,N
235,40,500,0,MALE,College,craft-repair,Single Vehicle Collision,Side Collision,Minor Damage,Ambulance,11,1,NO,1,2,NO,68300,N
75,25,1000,0,FEMALE,Associate,priv-house-serv,Multi-vehicle Collision,Side Collision,Total Loss,Other,23,2,?,2,3,YES,65100,N
19,29,500,0,MALE,JD,transport-moving,Multi-vehicle Collision,Front Collision,Total Loss,Ambulance,6,3,NO,0,2,?,75400,Y
412,56,500,0,MALE,High School,handlers-cleaners,Multi-vehicle Collision,Front Collision,Total Loss,Police,19,3,NO,0,2,NO,68040,N
98,26,2000,0,MALE,JD,exec-managerial,Multi-vehicle Collision,Front Collision,Total Loss,Police,13,2,?,0,1,YES,65430,N
460,57,2000,0,FEMALE,JD,craft-repair,Single Vehicle Collision,Front Collision,Major Damage,Other,10,1,?,2,3,NO,58300,Y
112,30,1000,0,FEMALE,Masters,prof-specialty,Single Vehicle Collision,Front Collision,Major Damage,Fire,3,1,YES,2,0,NO,107900,Y
317,46,1000,0,MALE,MD,sales,Single Vehicle Collision,Front Collision,Major Damage,Fire,18,1,NO,2,1,NO,104610,Y
218,43,500,0,FEMALE,Associate,priv-house-serv,Single Vehicle Collision,Rear Collision,Major Damage,Fire,18,1,?,1,3,YES,68200,Y
209,38,500,0,MALE,High School,priv-house-serv,Single Vehicle Collision,Rear Collision,Total Loss,Police,8,1,NO,2,0,?,80100,N
136,29,500,0,FEMALE,JD,transport-moving,Vehicle Theft,?,Minor Damage,Police,9,1,?,2,0,?,6200,N
222,42,500,0,MALE,Associate,armed-forces,Multi-vehicle Collision,Rear Collision,Minor Damage,Police,23,3,YES,0,0,?,51740,N
246,43,1000,6000000,MALE,JD,adm-clerical,Single Vehicle Collision,Side Collision,Minor Damage,Fire,0,1,NO,2,1,?,50700,N
303,46,1000,0,MALE,Masters,machine-op-inspct,Multi-vehicle Collision,Rear Collision,Minor Damage,Fire,3,3,NO,1,0,NO,54890,N
116,30,500,0,MALE,JD,handlers-cleaners,Multi-vehicle Collision,Front Collision,Major Damage,Other,8,3,NO,0,3,?,59670,Y
91,26,1000,0,FEMALE,Associate,armed-forces,Multi-vehicle Collision,Front Collision,Minor Damage,Other,15,3,?,0,2,?,74200,N
379,54,500,0,FEMALE,Associate,machine-op-inspct,Single Vehicle Collision,Front Collision,Total Loss,Ambulance,14,1,?,0,1,NO,75960,N
211,38,1000,0,FEMALE,Masters,transport-moving,Single Vehicle Collision,Front Collision,Total Loss,Fire,12,1,?,0,3,YES,91520,Y
16,35,1000,0,MALE,JD,sales,Single Vehicle Collision,Rear Collision,Total Loss,Other,0,1,NO,2,1,?,55000,Y
293,45,1000,0,FEMALE,MD,exec-managerial,Multi-vehicle Collision,Front Collision,Total Loss,Fire,13,3,NO,1,1,NO,51210,N
70,28,1000,0,MALE,High School,machine-op-inspct,Multi-vehicle Collision,Side Collision,Minor Damage,Police,14,4,NO,1,0,YES,31680,N
239,41,1000,7000000,FEMALE,JD,farming-fishing,Parked Car,?,Trivial Damage,Police,22,1,?,0,2,YES,10790,N
223,43,500,0,FEMALE,Masters,tech-support,Single Vehicle Collision,Rear Collision,Minor Damage,Police,14,1,NO,2,1,NO,54400,N
227,38,500,0,FEMALE,PhD,handlers-cleaners,Single Vehicle Collision,Rear Collision,Major Damage,Fire,16,1,?,1,2,?,72200,Y
283,48,1000,0,FEMALE,JD,sales,Parked Car,?,Trivial Damage,Police,9,1,?,2,3,NO,6560,N
40,39,1000,4000000,FEMALE,College,sales,Parked Car,?,Minor Damage,Police,8,1,NO,0,2,?,8760,N
298,49,500,0,FEMALE,College,other-service,Single Vehicle Collision,Front Collision,Minor Damage,Ambulance,17,1,NO,2,2,NO,28100,N
175,34,500,0,FEMALE,JD,handlers-cleaners,Single Vehicle Collision,Front Collision,Major Damage,Other,14,1,?,2,1,YES,36720,Y
159,37,1000,0,MALE,Associate,tech-support,Single Vehicle Collision,Rear Collision,Total Loss,Police,13,1,YES,2,0,NO,70290,N
140,31,500,6000000,MALE,High School,machine-op-inspct,Single Vehicle Collision,Side Collision,Total Loss,Police,9,1,NO,0,2,YES,77880,N
209,38,500,0,FEMALE,MD,other-service,Single Vehicle Collision,Front Collision,Minor Damage,Fire,21,1,?,1,1,?,47300,N
142,29,2000,0,FEMALE,MD,craft-repair,Single Vehicle Collision,Rear Collision,Major Damage,Police,10,1,YES,1,2,NO,54360,Y
296,42,2000,0,MALE,Associate,tech-support,Multi-vehicle Collision,Side Collision,Total Loss,Ambulance,9,3,YES,1,2,NO,64080,N
102,32,500,3000000,MALE,JD,tech-support,Single Vehicle Collision,Side Collision,Total Loss,Other,11,1,NO,1,0,NO,47400,Y
175,39,500,5000000,MALE,PhD,exec-managerial,Multi-vehicle Collision,Front Collision,Major Damage,Other,9,3,YES,2,2,YES,71610,Y
219,43,1000,0,FEMALE,MD,exec-managerial,Multi-vehicle Collision,Front Collision,Major Damage,Ambulance,3,3,NO,1,1,?,70680,N
315,44,1000,6000000,FEMALE,Masters,sales,Multi-vehicle Collision,Front Collision,Total Loss,Other,12,3,?,1,0,YES,26730,N
34,34,500,0,FEMALE,PhD,priv-house-serv,Multi-vehicle Collision,Side Collision,Major Damage,Ambulance,4,3,?,1,0,NO,50800,Y
236,38,1000,0,FEMALE,College,other-service,Single Vehicle Collision,Side Collision,Major Damage,Ambulance,16,1,NO,0,1,?,66840,N
150,37,1000,0,FEMALE,PhD,transport-moving,Single Vehicle Collision,Rear Collision,Total Loss,Police,9,1,NO,0,2,?,80080,N
205,42,2000,4000000,FEMALE,High School,priv-house-serv,Single Vehicle Collision,Rear Collision,Minor Damage,Police,19,1,NO,2,1,NO,86130,N
339,48,500,0,MALE,JD,other-service,Multi-vehicle Collision,Rear Collision,Total Loss,Fire,18,3,NO,2,1,?,51840,N
316,45,2000,5000000,FEMALE,High School,prof-specialty,Multi-vehicle Collision,Side Collision,Major Damage,Ambulance,6,3,NO,2,0,YES,78870,N
266,42,500,4000000,MALE,Associate,adm-clerical,Multi-vehicle Collision,Side Collision,Major Damage,Ambulance,18,3,?,1,1,NO,53280,Y
254,40,500,5000000,MALE,College,armed-forces,Single Vehicle Collision,Front Collision,Minor Damage,Other,23,1,?,2,2,?,53460,N
258,46,1000,10000000,MALE,MD,machine-op-inspct,Multi-vehicle Collision,Side Collision,Total Loss,Other,14,3,NO,0,1,?,47700,Y
284,48,500,0,FEMALE,PhD,machine-op-inspct,Multi-vehicle Collision,Side Collision,Major Damage,Fire,19,3,?,0,0,?,46860,N
285,47,1000,0,FEMALE,Masters,sales,Vehicle Theft,?,Trivial Damage,Police,8,1,NO,1,1,NO,2700,N
239,39,2000,0,FEMALE,JD,protective-serv,Single Vehicle Collision,Front Collision,Major Damage,Fire,10,1,NO,2,3,YES,87890,Y
156,38,500,0,MALE,High School,armed-forces,Multi-vehicle Collision,Front Collision,Major Damage,Fire,23,3,?,0,3,?,55200,Y
5,21,500,5000000,FEMALE,High School,exec-managerial,Single Vehicle Collision,Side Collision,Total Loss,Police,23,1,YES,0,0,NO,40500,N
200,40,1000,0,FEMALE,High School,sales,Vehicle Theft,?,Minor Damage,Police,9,1,?,0,0,NO,3690,N
275,40,2000,0,MALE,Masters,exec-managerial,Single Vehicle Collision,Rear Collision,Minor Damage,Fire,17,1,?,1,3,YES,43230,N
217,39,2000,0,FEMALE,Masters,other-service,Multi-vehicle Collision,Front Collision,Minor Damage,Fire,16,3,NO,0,2,?,64920,N
61,26,2000,6000000,FEMALE,JD,farming-fishing,Multi-vehicle Collision,Rear Collision,Major Damage,Fire,16,2,YES,1,0,NO,53820,Y
229,37,1000,0,FEMALE,Masters,farming-fishing,Single Vehicle Collision,Rear Collision,Total Loss,Other,17,1,NO,0,2,YES,54560,N
110,27,1000,0,FEMALE,Associate,priv-house-serv,Single Vehicle Collision,Side Collision,Total Loss,Ambulance,3,1,?,0,3,?,57500,N
402,54,2000,0,MALE,JD,farming-fishing,Single Vehicle Collision,Rear Collision,Major Damage,Other,19,1,NO,0,2,YES,67770,Y
195,38,2000,6000000,MALE,MD,tech-support,Multi-vehicle Collision,Front Collision,Minor Damage,Ambulance,12,3,YES,1,2,NO,64620,N
295,46,500,0,FEMALE,High School,armed-forces,Single Vehicle Collision,Rear Collision,Minor Damage,Fire,5,1,YES,1,1,NO,60700,N
197,41,1000,0,FEMALE,PhD,prof-specialty,Single Vehicle Collision,Front Collision,Major Damage,Police,6,1,NO,2,2,YES,76400,Y
259,45,2000,0,MALE,MD,craft-repair,Single Vehicle Collision,Side Collision,Minor Damage,Fire,23,1,?,1,1,NO,87780,N
143,33,1000,0,FEMALE,Associate,craft-repair,Multi-vehicle Collision,Side Collision,Major Damage,Fire,17,3,?,2,2,?,70400,N
86,26,500,7000000,MALE,JD,tech-support,Single Vehicle Collision,Rear Collision,Minor Damage,Police,11,1,?,1,1,YES,81840,Y
225,43,1000,0,MALE,JD,priv-house-serv,Multi-vehicle Collision,Rear Collision,Major Damage,Police,16,3,NO,2,0,YES,64400,N
4,34,500,0,FEMALE,College,exec-managerial,Multi-vehicle Collision,Side Collision,Major Damage,Police,0,4,?,0,0,?,66880,Y
78,27,500,0,MALE,JD,other-service,Parked Car,?,Trivial Damage,Police,4,1,NO,0,3,NO,6050,N
292,45,1000,0,MALE,Masters,craft-repair,Vehicle Theft,?,Trivial Damage,Police,4,1,NO,0,2,?,7370,N
156,37,500,0,MALE,Associate,protective-serv,Multi-vehicle Collision,Rear Collision,Major Damage,Ambulance,15,3,YES,0,3,NO,41490,N
399,55,2000,0,MALE,JD,tech-support,Multi-vehicle Collision,Side Collision,Total Loss,Police,23,3,YES,1,1,YES,88400,N
35,35,2000,0,FEMALE,PhD,protective-serv,Multi-vehicle Collision,Side Collision,Minor Damage,Fire,23,3,NO,2,2,NO,53190,N
204,40,2000,0,MALE,JD,machine-op-inspct,Single Vehicle Collision,Rear Collision,Total Loss,Ambulance,7,1,YES,1,1,NO,46200,N
70,29,1000,0,FEMALE,MD,armed-forces,Single Vehicle Collision,Front Collision,Minor Damage,Ambulance,12,1,NO,0,3,?,69360,N
104,32,500,0,MALE,High School,exec-managerial,Multi-vehicle Collision,Rear Collision,Total Loss,Police,23,3,YES,1,3,YES,63570,Y
78,24,500,0,MALE,Masters,craft-repair,Vehicle Theft,?,Minor Damage,Police,20,1,?,0,1,YES,7480,N
120,28,1000,0,FEMALE,PhD,tech-support,Multi-vehicle Collision,Rear Collision,Minor Damage,Fire,9,3,NO,0,3,?,65500,N
143,34,500,0,MALE,College,priv-house-serv,Single Vehicle Collision,Front Collision,Minor Damage,Other,10,1,?,2,3,YES,58500,N
114,30,1000,0,MALE,High School,farming-fishing,Multi-vehicle Collision,Front Collision,Major Damage,Ambulance,1,3,NO,1,2,?,77110,N
107,31,2000,5000000,MALE,Associate,handlers-cleaners,Multi-vehicle Collision,Side Collision,Total Loss,Police,21,3,YES,1,2,?,93730,N
137,34,1000,0,MALE,PhD,prof-specialty,Multi-vehicle Collision,Front Collision,Minor Damage,Police,0,3,?,0,0,?,78650,N
446,61,1000,0,FEMALE,High School,tech-support,Multi-vehicle Collision,Rear Collision,Minor Damage,Police,1,3,?,2,1,NO,80880,N
425,53,2000,0,FEMALE,High School,priv-house-serv,Multi-vehicle Collision,Front Collision,Minor Damage,Fire,17,3,?,1,2,?,97080,N
298,45,1000,0,MALE,High School,farming-fishing,Multi-vehicle Collision,Front Collision,Minor Damage,Ambulance,18,3,NO,0,0,NO,64000,N
137,35,500,0,MALE,JD,prof-specialty,Parked Car,?,Minor Damage,Police,4,1,YES,1,1,NO,6600,N
230,43,2000,0,MALE,MD,prof-specialty,Single Vehicle Collision,Side Collision,Total Loss,Ambulance,13,1,?,0,2,?,75460,N
64,29,2000,0,MALE,High School,exec-managerial,Single Vehicle Collision,Side Collision,Minor Damage,Ambulance,4,1,?,1,2,NO,43700,Y
250,43,2000,0,MALE,Masters,sales,Single Vehicle Collision,Front Collision,Minor Damage,Fire,2,1,NO,0,3,?,64200,N
30,36,500,0,FEMALE,College,machine-op-inspct,Multi-vehicle Collision,Side Collision,Total Loss,Police,17,3,NO,2,2,?,57900,N
303,50,500,0,MALE,MD,tech-support,Multi-vehicle Collision,Front Collision,Total Loss,Other,17,3,NO,0,3,NO,81960,N
81,25,500,5000000,FEMALE,High School,tech-support,Multi-vehicle Collision,Rear Collision,Major Damage,Other,11,3,?,1,0,?,73920,Y
162,33,500,0,FEMALE,Associate,exec-managerial,Multi-vehicle Collision,Rear Collision,Major Damage,Fire,17,4,NO,2,1,NO,35300,Y
299,44,1000,0,FEMALE,College,other-service,Single Vehicle Collision,Rear Collision,Minor Damage,Ambulance,3,1,YES,2,0,?,54240,N
124,28,1000,0,MALE,MD,exec-managerial,Multi-vehicle Collision,Side Collision,Total Loss,Other,20,3,?,0,1,?,60200,N
85,30,1000,0,MALE,Associate,protective-serv,Single Vehicle Collision,Side Collision,Major Damage,Other,19,1,YES,0,1,YES,74280,Y
453,60,500,6000000,MALE,PhD,craft-repair,Single Vehicle Collision,Front Collision,Major Damage,Fire,0,1,YES,0,0,?,70000,Y
155,35,1000,0,FEMALE,Associate,adm-clerical,Multi-vehicle Collision,Front Collision,Total Loss,Police,16,3,YES,2,3,NO,29790,N
256,41,2000,6000000,FEMALE,PhD,armed-forces,Single Vehicle Collision,Front Collision,Major Damage,Police,5,1,?,1,2,NO,63400,Y
51,34,500,0,MALE,PhD,machine-op-inspct,Single Vehicle Collision,Side Collision,Major Damage,Fire,23,1,?,2,3,NO,64200,Y
436,60,500,0,MALE,High School,prof-specialty,Single Vehicle Collision,Front Collision,Minor Damage,Ambulance,16,1,NO,0,2,NO,82060,N
180,33,2000,0,FEMALE,JD,protective-serv,Multi-vehicle Collision,Rear Collision,Minor Damage,Ambulance,12,4,?,2,3,YES,57700,N
27,33,500,0,FEMALE,PhD,other-service,Single Vehicle Collision,Front Collision,Total Loss,Police,21,1,NO,1,1,YES,27700,N
126,33,1000,2000000,FEMALE,JD,priv-house-serv,Single Vehicle Collision,Front Collision,Major Damage,Ambulance,21,1,YES,1,2,?,54160,N
108,32,2000,4000000,FEMALE,High School,machine-op-inspct,Single Vehicle Collision,Front Collision,Total Loss,Other,23,1,NO,1,3,NO,61270,N
27,27,2000,0,FEMALE,College,adm-clerical,Single Vehicle Collision,Front Collision,Total Loss,Fire,23,1,?,1,3,?,61560,N
66,30,500,0,FEMALE,College,adm-clerical,Multi-vehicle Collision,Front Collision,Major Damage,Fire,2,3,?,0,2,YES,65560,Y
50,44,2000,0,MALE,College,handlers-cleaners,Multi-vehicle Collision,Front Collision,Total Loss,Police,15,3,?,1,2,NO,61100,N
95,32,2000,0,MALE,Masters,machine-op-inspct,Multi-vehicle Collision,Side Collision,Total Loss,Police,21,3,YES,0,3,YES,83160,N
19,32,1000,0,MALE,High School,other-service,Vehicle Theft,?,Minor Damage,Police,8,1,YES,1,1,YES,7040,N
66,28,2000,0,MALE,Associate,adm-clerical,Single Vehicle Collision,Front Collision,Total Loss,Other,0,1,?,2,1,?,48290,N
279,41,500,0,FEMALE,JD,prof-specialty,Multi-vehicle Collision,Front Collision,Minor Damage,Fire,16,3,?,2,3,NO,28800,N
123,31,500,0,FEMALE,Associate,prof-specialty,Single Vehicle Collision,Side Collision,Total Loss,Fire,13,1,?,1,2,NO,72120,N
230,43,2000,0,MALE,High School,exec-managerial,Multi-vehicle Collision,Front Collision,Minor Damage,Police,0,3,?,0,3,YES,51900,Y
184,38,1000,0,FEMALE,College,transport-moving,Multi-vehicle Collision,Side Collision,Minor Damage,Ambulance,6,3,?,0,2,NO,53730,Y
60,23,500,3000000,MALE,MD,protective-serv,Single Vehicle Collision,Rear Collision,Total Loss,Ambulance,9,1,YES,1,0,NO,56520,N
277,44,500,0,MALE,High School,priv-house-serv,Vehicle Theft,?,Trivial Damage,Police,6,1,NO,1,3,NO,5000,N
247,44,2000,0,FEMALE,College,farming-fishing,Multi-vehicle Collision,Front Collision,Minor Damage,Fire,22,3,NO,2,2,NO,69480,N
235,42,500,4000000,FEMALE,Masters,exec-managerial,Single Vehicle Collision,Front Collision,Total Loss,Police,22,1,YES,2,2,?,87010,N
254,41,2000,0,FEMALE,Masters,protective-serv,Single Vehicle Collision,Front Collision,Minor Damage,Police,16,1,NO,2,2,YES,100210,N
169,36,500,0,MALE,High School,exec-managerial,Multi-vehicle Collision,Front Collision,Total Loss,Ambulance,0,3,NO,2,3,?,77440,N
194,34,500,0,FEMALE,JD,protective-serv,Multi-vehicle Collision,Rear Collision,Minor Damage,Ambulance,11,3,NO,1,2,YES,57200,N
107,31,500,7000000,FEMALE,High School,tech-support,Single Vehicle Collision,Side Collision,Minor Damage,Fire,12,1,YES,0,1,NO,89700,Y
283,46,2000,0,FEMALE,PhD,transport-moving,Multi-vehicle Collision,Front Collision,Major Damage,Ambulance,3,3,?,1,3,NO,77660,Y
76,24,1000,0,FEMALE,MD,priv-house-serv,Multi-vehicle Collision,Side Collision,Total Loss,Ambulance,6,3,NO,1,1,?,74700,N
206,42,1000,0,MALE,High School,machine-op-inspct,Single Vehicle Collision,Rear Collision,Major Damage,Fire,2,1,?,1,1,NO,78980,Y
111,27,500,5000000,MALE,MD,sales,Multi-vehicle Collision,Side Collision,Major Damage,Police,2,3,NO,1,2,NO,80850,Y
153,34,1000,4000000,FEMALE,Associate,priv-house-serv,Multi-vehicle Collision,Front Collision,Minor Damage,Other,9,3,NO,2,1,?,68400,N
123,29,500,0,FEMALE,Masters,machine-op-inspct,Single Vehicle Collision,Rear Collision,Minor Damage,Ambulance,17,1,YES,1,0,YES,73260,Y
404,53,500,0,MALE,Associate,sales,Parked Car,?,Trivial Damage,Police,8,1,NO,0,1,NO,8800,N
271,42,500,0,FEMALE,High School,machine-op-inspct,Multi-vehicle Collision,Rear Collision,Total Loss,Ambulance,21,3,NO,1,0,NO,93720,N
458,61,1000,0,FEMALE,High School,protective-serv,Single Vehicle Collision,Front Collision,Minor Damage,Fire,18,1,NO,2,1,NO,56340,N
108,29,1000,0,FEMALE,PhD,armed-forces,Multi-vehicle Collision,Side Collision,Minor Damage,Ambulance,4,3,NO,2,2,YES,61380,N
430,59,2000,7000000,MALE,MD,other-service,Multi-vehicle Collision,Front Collision,Minor Damage,Fire,19,3,?,0,3,YES,81800,N
163,36,1000,0,MALE,MD,other-service,Single Vehicle Collision,Side Collision,Total Loss,Ambulance,1,1,YES,2,1,NO,51390,N
257,43,2000,6000000,FEMALE,PhD,handlers-cleaners,Single Vehicle Collision,Front Collision,Total Loss,Other,12,1,?,2,2,YES,63240,N
91,31,1000,4000000,FEMALE,High School,priv-house-serv,Single Vehicle Collision,Side Collision,Minor Damage,Police,19,1,?,1,0,NO,60570,N
140,36,500,0,FEMALE,JD,armed-forces,Multi-vehicle Collision,Rear Collision,Minor Damage,Other,10,3,?,2,0,YES,79500,N
230,39,1000,7000000,FEMALE,MD,craft-repair,Single Vehicle Collision,Front Collision,Major Damage,Fire,0,1,?,1,3,NO,74200,Y
121,34,500,0,MALE,MD,priv-house-serv,Single Vehicle Collision,Front Collision,Major Damage,Fire,11,1,NO,1,1,NO,67300,Y
183,38,500,0,FEMALE,Masters,prof-specialty,Single Vehicle Collision,Side Collision,Major Damage,Police,17,1,NO,0,1,YES,51920,Y
8,31,500,4000000,FEMALE,MD,transport-moving,Multi-vehicle Collision,Front Collision,Major Damage,Fire,2,3,?,0,2,YES,48100,N
405,57,1000,4000000,MALE,MD,priv-house-serv,Multi-vehicle Collision,Front Collision,Total Loss,Other,21,3,?,2,3,?,61440,N
29,32,1000,0,MALE,High School,other-service,Single Vehicle Collision,Side Collision,Major Damage,Other,22,1,?,0,2,?,76900,N
458,59,1000,0,FEMALE,High School,protective-serv,Single Vehicle Collision,Front Collision,Total Loss,Police,23,1,?,2,2,YES,71800,N
2,28,1000,0,FEMALE,JD,machine-op-inspct,Single Vehicle Collision,Side Collision,Minor Damage,Fire,19,1,YES,0,2,YES,58140,N
152,33,500,0,FEMALE,PhD,transport-moving,Single Vehicle Collision,Side Collision,Major Damage,Fire,16,1,YES,0,0,?,70400,Y
33,32,500,5000000,FEMALE,PhD,other-service,Single Vehicle Collision,Rear Collision,Minor Damage,Ambulance,2,1,YES,0,1,?,56070,N
39,31,2000,0,FEMALE,High School,handlers-cleaners,Multi-vehicle Collision,Rear Collision,Major Damage,Fire,14,3,?,1,0,NO,52700,Y
428,54,2000,0,MALE,Masters,transport-moving,Multi-vehicle Collision,Side Collision,Minor Damage,Fire,16,3,NO,1,0,?,76560,N
328,49,500,0,FEMALE,Masters,transport-moving,Single Vehicle Collision,Rear Collision,Total Loss,Police,19,1,?,0,2,YES,71440,N
276,45,500,0,FEMALE,High School,machine-op-inspct,Multi-vehicle Collision,Front Collision,Minor Damage,Fire,11,3,?,0,2,?,69300,N
246,44,2000,0,MALE,College,farming-fishing,Single Vehicle Collision,Front Collision,Major Damage,Other,18,1,YES,1,2,YES,61380,Y
212,35,2000,0,MALE,MD,priv-house-serv,Multi-vehicle Collision,Front Collision,Total Loss,Fire,0,3,?,1,3,?,50380,N
214,36,2000,7000000,FEMALE,Associate,machine-op-inspct,Multi-vehicle Collision,Front Collision,Minor Damage,Ambulance,17,3,NO,0,3,?,47080,N
70,26,1000,5000000,MALE,College,machine-op-inspct,Multi-vehicle Collision,Rear Collision,Major Damage,Other,0,3,?,1,2,YES,52110,N
115,31,1000,0,FEMALE,Associate,exec-managerial,Multi-vehicle Collision,Side Collision,Major Damage,Ambulance,18,3,YES,0,3,NO,34160,Y
396,57,1000,0,MALE,High School,protective-serv,Multi-vehicle Collision,Front Collision,Major Damage,Other,22,3,YES,2,1,NO,52560,N
212,40,1000,0,FEMALE,Masters,other-service,Multi-vehicle Collision,Side Collision,Minor Damage,Other,17,3,YES,0,2,YES,82400,N
230,42,1000,0,FEMALE,MD,adm-clerical,Multi-vehicle Collision,Rear Collision,Minor Damage,Other,13,3,NO,1,2,YES,58850,N
163,31,1000,6000000,MALE,JD,priv-house-serv,Multi-vehicle Collision,Rear Collision,Total Loss,Ambulance,14,3,YES,2,0,NO,63910,N
188,37,500,0,FEMALE,JD,adm-clerical,Single Vehicle Collision,Rear Collision,Total Loss,Ambulance,6,1,?,2,0,YES,45000,N
212,39,1000,0,FEMALE,JD,protective-serv,Multi-vehicle Collision,Rear Collision,Total Loss,Ambulance,22,2,NO,0,3,YES,59300,N
177,38,2000,0,FEMALE,College,adm-clerical,Single Vehicle Collision,Front Collision,Major Damage,Other,20,1,YES,2,0,NO,73700,Y
252,39,1000,0,MALE,JD,farming-fishing,Single Vehicle Collision,Side Collision,Minor Damage,Police,18,1,?,1,2,?,50490,N
290,45,1000,0,FEMALE,Associate,machine-op-inspct,Multi-vehicle Collision,Side Collision,Major Damage,Ambulance,23,3,YES,0,0,YES,52650,Y
46,24,2000,4000000,FEMALE,High School,armed-forces,Single Vehicle Collision,Side Collision,Major Damage,Fire,7,1,NO,2,0,?,56600,N
421,56,500,4000000,MALE,Masters,machine-op-inspct,Single Vehicle Collision,Rear Collision,Major Damage,Ambulance,7,1,?,2,3,?,92730,Y
137,35,500,0,FEMALE,High School,protective-serv,Vehicle Theft,?,Minor Damage,Police,21,1,NO,0,0,YES,3300,N
0,32,1000,0,MALE,College,tech-support,Multi-vehicle Collision,Rear Collision,Minor Damage,Ambulance,6,4,?,1,1,NO,39720,N
264,43,2000,0,MALE,Associate,adm-clerical,Multi-vehicle Collision,Front Collision,Minor Damage,Police,9,3,YES,2,0,NO,95150,N
257,40,2000,0,MALE,Associate,machine-op-inspct,Multi-vehicle Collision,Front Collision,Major Damage,Ambulance,3,3,YES,2,1,?,50050,Y
73,26,2000,4000000,MALE,MD,farming-fishing,Multi-vehicle Collision,Rear Collision,Total Loss,Other,9,3,?,0,1,YES,40160,N
188,33,1000,0,MALE,High School,protective-serv,Multi-vehicle Collision,Rear Collision,Minor Damage,Police,8,3,YES,1,0,?,76010,Y
281,43,1000,6000000,MALE,College,priv-house-serv,Multi-vehicle Collision,Side Collision,Minor Damage,Fire,21,3,NO,1,0,NO,60190,N
151,37,500,0,FEMALE,Associate,protective-serv,Multi-vehicle Collision,Rear Collision,Total Loss,Fire,14,3,NO,1,2,YES,59100,Y
153,34,500,0,MALE,High School,tech-support,Multi-vehicle Collision,Side Collision,Total Loss,Other,0,3,?,1,0,NO,77770,N
157,32,2000,0,MALE,College,other-service,Multi-vehicle Collision,Front Collision,Major Damage,Other,14,3,?,1,2,NO,50800,Y
187,34,500,0,FEMALE,PhD,machine-op-inspct,Multi-vehicle Collision,Side Collision,Minor Damage,Fire,7,3,?,0,0,?,45100,N
65,27,1000,0,FEMALE,College,adm-clerical,Single Vehicle Collision,Front Collision,Total Loss,Ambulance,17,1,?,1,2,YES,42840,N
57,25,2000,0,FEMALE,Masters,tech-support,Multi-vehicle Collision,Front Collision,Total Loss,Ambulance,0,3,NO,0,1,YES,72900,N
156,31,2000,0,MALE,PhD,other-service,Single Vehicle Collision,Front Collision,Major Damage,Police,3,1,?,2,0,?,59000,Y
29,25,2000,0,MALE,Masters,farming-fishing,Multi-vehicle Collision,Rear Collision,Minor Damage,Other,4,4,YES,1,2,YES,64890,Y
200,34,1000,3000000,FEMALE,College,prof-specialty,Single Vehicle Collision,Front Collision,Total Loss,Police,10,1,?,2,2,NO,56000,N
380,53,2000,6000000,MALE,Associate,priv-house-serv,Parked Car,?,Trivial Damage,Police,23,1,NO,0,3,NO,5700,N
259,39,1000,0,FEMALE,JD,craft-repair,Multi-vehicle Collision,Side Collision,Minor Damage,Fire,12,3,NO,1,3,?,46560,N
130,28,1000,0,FEMALE,JD,farming-fishing,Multi-vehicle Collision,Front Collision,Minor Damage,Ambulance,21,2,YES,2,1,NO,85020,N
22,29,2000,6000000,MALE,MD,exec-managerial,Single Vehicle Collision,Rear Collision,Major Damage,Ambulance,14,1,?,2,3,?,70800,Y
297,47,500,7000000,MALE,MD,adm-clerical,Multi-vehicle Collision,Side Collision,Total Loss,Fire,0,3,?,0,3,YES,44400,N
208,36,2000,5000000,MALE,JD,machine-op-inspct,Multi-vehicle Collision,Side Collision,Total Loss,Other,15,3,YES,0,1,?,62810,N
284,43,500,0,MALE,PhD,prof-specialty,Multi-vehicle Collision,Side Collision,Total Loss,Fire,12,3,NO,0,0,YES,36960,N
99,32,1000,3000000,MALE,JD,craft-repair,Single Vehicle Collision,Front Collision,Total Loss,Fire,17,1,YES,1,1,NO,41130,N
456,62,1000,0,FEMALE,MD,protective-serv,Multi-vehicle Collision,Side Collision,Major Damage,Other,13,3,?,1,3,NO,66480,Y
31,32,2000,4000000,FEMALE,JD,other-service,Single Vehicle Collision,Side Collision,Major Damage,Fire,10,1,?,2,0,?,63600,Y
275,41,2000,0,MALE,High School,transport-moving,Multi-vehicle Collision,Front Collision,Major Damage,Fire,13,3,YES,0,1,?,58300,N
319,47,500,0,MALE,College,transport-moving,Multi-vehicle Collision,Front Collision,Total Loss,Police,22,3,NO,0,2,?,59730,N
103,33,1000,6000000,MALE,MD,armed-forces,Single Vehicle Collision,Rear Collision,Minor Damage,Ambulance,21,1,NO,1,0,YES,76920,N
143,32,1000,0,FEMALE,High School,exec-managerial,Single Vehicle Collision,Rear Collision,Major Damage,Ambulance,1,1,?,2,0,NO,62260,N
274,45,1000,0,FEMALE,JD,tech-support,Single Vehicle Collision,Side Collision,Minor Damage,Ambulance,13,1,YES,0,0,NO,58500,Y
128,29,1000,0,MALE,High School,other-service,Single Vehicle Collision,Rear Collision,Total Loss,Fire,2,1,NO,0,0,?,59070,N
150,31,1000,0,MALE,Masters,machine-op-inspct,Multi-vehicle Collision,Front Collision,Major Damage,Ambulance,6,3,?,0,3,YES,64800,Y
156,37,1000,6000000,MALE,Associate,machine-op-inspct,Multi-vehicle Collision,Rear Collision,Total Loss,Other,17,3,?,1,1,YES,77440,N
228,42,2000,5000000,MALE,MD,machine-op-inspct,Vehicle Theft,?,Minor Damage,Police,8,1,?,0,0,?,5070,Y
245,40,1000,0,MALE,PhD,handlers-cleaners,Single Vehicle Collision,Rear Collision,Minor Damage,Ambulance,12,1,YES,0,2,YES,82170,N
222,38,2000,0,MALE,MD,machine-op-inspct,Single Vehicle Collision,Front Collision,Total Loss,Police,20,1,?,2,2,YES,60480,N
276,46,500,0,FEMALE,Masters,machine-op-inspct,Parked Car,?,Trivial Damage,Police,7,1,?,0,1,NO,5940,N
243,44,500,0,MALE,JD,craft-repair,Multi-vehicle Collision,Side Collision,Minor Damage,Other,4,3,?,2,1,YES,51400,N
45,38,1000,0,MALE,Masters,machine-op-inspct,Multi-vehicle Collision,Front Collision,Total Loss,Ambulance,17,3,?,2,0,?,78240,N
360,51,1000,0,MALE,Masters,handlers-cleaners,Vehicle Theft,?,Minor Damage,Police,5,1,YES,2,2,?,4620,Y
151,37,1000,0,FEMALE,Masters,farming-fishing,Single Vehicle Collision,Front Collision,Minor Damage,Fire,0,1,YES,1,1,?,38830,N
219,43,1000,0,FEMALE,High School,transport-moving,Single Vehicle Collision,Side Collision,Major Damage,Ambulance,1,1,?,2,2,YES,66660,N
253,41,2000,0,FEMALE,PhD,sales,Multi-vehicle Collision,Rear Collision,Major Damage,Other,10,3,NO,2,2,YES,80740,Y
1,33,500,0,FEMALE,High School,transport-moving,Multi-vehicle Collision,Rear Collision,Minor Damage,Police,1,3,?,1,0,?,31700,N
147,33,1000,6000000,MALE,High School,craft-repair,Single Vehicle Collision,Front Collision,Major Damage,Other,15,1,YES,2,0,YES,53100,Y
178,38,500,0,FEMALE,College,other-service,Multi-vehicle Collision,Rear Collision,Minor Damage,Other,10,3,NO,0,3,NO,57200,N
234,43,500,0,MALE,Associate,protective-serv,Single Vehicle Collision,Rear Collision,Major Damage,Police,4,1,NO,2,2,YES,51600,N
61,25,2000,0,FEMALE,Masters,other-service,Multi-vehicle Collision,Rear Collision,Minor Damage,Ambulance,1,3,YES,1,0,NO,32320,N
193,41,500,0,FEMALE,JD,craft-repair,Single Vehicle Collision,Side Collision,Major Damage,Other,1,1,?,1,0,YES,112320,Y
252,39,500,9000000,MALE,High School,transport-moving,Multi-vehicle Collision,Front Collision,Minor Damage,Other,15,3,?,0,3,NO,59400,Y
294,46,500,0,MALE,College,prof-specialty,Single Vehicle Collision,Side Collision,Total Loss,Other,8,1,NO,0,3,YES,65780,N
252,46,1000,0,MALE,Masters,adm-clerical,Single Vehicle Collision,Front Collision,Minor Damage,Fire,17,1,YES,0,2,YES,74900,N
86,28,2000,0,MALE,PhD,transport-moving,Single Vehicle Collision,Side Collision,Minor Damage,Police,19,1,YES,0,2,YES,70920,N
405,55,500,0,MALE,PhD,machine-op-inspct,Multi-vehicle Collision,Rear Collision,Minor Damage,Fire,2,4,YES,0,2,NO,38640,N
26,42,1000,0,MALE,PhD,armed-forces,Single Vehicle Collision,Side Collision,Major Damage,Police,10,1,NO,2,3,?,63030,N
280,45,1000,0,MALE,JD,machine-op-inspct,Multi-vehicle Collision,Front Collision,Minor Damage,Other,0,3,YES,1,2,NO,84720,N
147,37,2000,0,FEMALE,Masters,armed-forces,Multi-vehicle Collision,Side Collision,Major Damage,Ambulance,11,3,?,0,1,?,56160,Y
198,36,1000,0,MALE,High School,armed-forces,Multi-vehicle Collision,Rear Collision,Total Loss,Fire,11,3,?,1,3,YES,49410,N
91,30,2000,8000000,FEMALE,Masters,machine-op-inspct,Multi-vehicle Collision,Side Collision,Minor Damage,Other,13,3,YES,2,0,?,84500,N
17,39,1000,0,FEMALE,JD,adm-clerical,Parked Car,?,Trivial Damage,Police,9,1,?,2,1,?,3440,N
8,21,500,0,MALE,High School,handlers-cleaners,Single Vehicle Collision,Front Collision,Major Damage,Other,21,1,?,0,0,?,91260,N
168,39,1000,0,FEMALE,Masters,machine-op-inspct,Multi-vehicle Collision,Rear Collision,Major Damage,Fire,23,3,YES,1,3,NO,41580,Y
225,41,2000,0,MALE,High School,exec-managerial,Multi-vehicle Collision,Side Collision,Major Damage,Police,20,3,?,2,2,NO,70400,Y
142,30,500,0,MALE,PhD,armed-forces,Single Vehicle Collision,Side Collision,Minor Damage,Other,22,1,YES,2,3,NO,67320,N
206,39,1000,6000000,MALE,JD,craft-repair,Multi-vehicle Collision,Rear Collision,Total Loss,Ambulance,12,3,NO,2,3,YES,36300,N
85,30,1000,0,FEMALE,MD,craft-repair,Multi-vehicle Collision,Rear Collision,Total Loss,Fire,9,3,YES,2,1,YES,58960,N
108,33,2000,0,FEMALE,JD,armed-forces,Multi-vehicle Collision,Side Collision,Major Damage,Police,6,3,?,0,1,YES,64350,Y
194,34,1000,0,MALE,JD,other-service,Single Vehicle Collision,Rear Collision,Total Loss,Ambulance,11,1,?,2,1,YES,58800,N
107,32,500,4000000,MALE,Associate,machine-op-inspct,Vehicle Theft,?,Trivial Damage,Police,8,1,?,1,3,NO,3900,N
415,52,1000,0,MALE,PhD,machine-op-inspct,Multi-vehicle Collision,Rear Collision,Total Loss,Police,15,2,YES,1,3,YES,51090,N
261,46,1000,0,MALE,PhD,prof-specialty,Single Vehicle Collision,Rear Collision,Minor Damage,Other,19,1,?,0,3,?,80280,N
147,34,1000,0,MALE,High School,sales,Single Vehicle Collision,Side Collision,Minor Damage,Fire,13,1,YES,2,2,?,101010,N
289,47,2000,0,FEMALE,Associate,adm-clerical,Single Vehicle Collision,Front Collision,Minor Damage,Ambulance,15,1,NO,1,0,YES,54000,N
211,35,500,0,FEMALE,JD,prof-specialty,Single Vehicle Collision,Rear Collision,Total Loss,Ambulance,1,1,YES,1,1,?,42000,N
84,32,500,7000000,FEMALE,Associate,prof-specialty,Single Vehicle Collision,Rear Collision,Total Loss,Other,0,1,YES,0,2,?,57240,Y
398,53,2000,0,FEMALE,Associate,priv-house-serv,Single Vehicle Collision,Front Collision,Total Loss,Fire,16,1,YES,2,1,?,47430,N
24,33,1000,0,FEMALE,High School,machine-op-inspct,Single Vehicle Collision,Side Collision,Total Loss,Police,0,1,?,2,1,NO,46800,N
86,29,2000,0,MALE,High School,prof-specialty,Single Vehicle Collision,Front Collision,Minor Damage,Police,0,1,NO,2,2,YES,62920,N
241,43,1000,0,MALE,Associate,prof-specialty,Vehicle Theft,?,Trivial Damage,Police,21,1,NO,1,0,YES,7150,N
